timestamps,TP9,AF7,AF8,TP10,AUX Right
143406.90695862717,-36.70562178614933,-199.1720186199071,-43.10876521752748,-37.968527972765315,-43.908727896651015
143406.90807911733,-24.80110469425798,-528.9956792977932,-45.156285258435425,-25.4765484282717,158.7053845531361
143406.91085539025,-21.718104205546858,-413.3645441904776,-44.02282159904891,-29.835080903350793,58.393991931954545
143406.91478029307,-28.043803415621092,-371.8654592334481,-37.81480678770096,-35.44070043156251,33.68696467919816
143406.954294779,-31.389050384401962,-561.7755280541162,-31.90121348852579,-39.21542553577139,136.73562056684472
143406.95462966763,-31.94445936577599,-513.4014370023222,-31.579743106398556,-36.14338783059354,-9.746265173846211
143406.98217322148,-28.35665329680355,-668.2097048342973,-32.97967815356151,-26.713280579170767,52.08334640508683
143406.99403903045,-25.28013063306501,-619.2671634629053,-32.5298322722622,-25.03134322367301,176.05955408322748
143406.98464402102,-30.65499755922704,-440.08778450087186,-31.359844125720684,-32.21557603308409,108.498667448983
143406.9823593541,-38.847132998338516,-628.1523289371037,-36.98296130699863,-34.11731880001656,190.08299257245864
143406.99470205553,-38.14949744430491,-294.4021528526951,-38.77480031296267,-34.763712092635814,-62.409382216617914
143407.004832434,-32.989676834398246,219.39147614803917,-38.310012518544426,-32.74624590540662,-391.8665012959572
143407.00652957603,-31.770512146295097,-20.707044011894794,-44.19972222715896,-34.54243027260124,-362.2338028842394
143407.00840375596,-27.00889577222291,-564.9133246297946,-40.30517108599372,-33.19795844837334,8.339210636780102
143407.01368054093,-28.96145518962222,-766.5058095453633,-31.804937541630206,-25.131848440317675,287.81377344352427
143407.01884992627,-36.67263993857764,-448.3331037956595,-29.666003906749378,-26.44346778896118,52.5863019856302
143407.02413911436,-34.16440736057048,-466.2270253582865,-30.52340641447054,-31.36417172811384,16.17668230967044
143407.0305713278,-29.023052449866007,-367.137544567634,-26.900529566842298,-25.282259589749362,-97.81587790959938
143407.03489395115,-24.368310912820718,54.33904701122529,-27.715737683427008,-25.789278236737537,-411.936264441415
143407.03666064754,-24.19993519614459,-150.2713181534413,-31.518052395196406,-26.755831349379953,-415.3401666431789
143407.04120621688,-26.74161078703206,-438.4443037100941,-32.76535141777674,-23.678102418683626,-146.99494345246322
143407.0495608505,-21.91595081966825,-468.394219418622,-29.579750534254302,-15.455086740034059,-64.08625892976929
143407.05543329872,-26.156196729871677,-274.6460594242422,-29.02958569325954,-25.92485687992057,-202.17392544349934
143407.05672833836,-25.42441879678292,-225.84519881616123,-33.572584233311154,-36.99294778618358,-96.42933809522978
143407.04157109527,-25.334021864344642,-513.5480665501242,-30.435988135428705,-27.452397108458197,-2.4457695526427656
143407.05005880434,-27.688727783262596,-403.0169742469737,-31.91900050965063,-22.392593981679926,-31.928723632836064
143407.04543921538,-30.861787457045704,-255.36489463503517,-41.76182109385838,-26.20937362335847,-46.13563202517958
143407.04505219767,-36.56740117044062,-530.0193851790893,-37.130150871978344,-24.886151689960172,112.37278728175463
143407.0541222894,-31.676289223198104,-772.563182241457,-28.37676488946923,-19.547547091582217,168.91913678380766
143407.0624279131,-19.47225168089762,-799.2870652762069,-32.619358613635384,-19.45950663178568,140.14400405161223
143407.0649706567,-14.791634261304834,-683.5649426372959,-26.712154079663105,-18.476296790112407,177.80307318593108
143407.06679617806,-19.08558869392421,-479.921038516144,-22.988187812212516,-21.51814274893282,41.559647282071
143407.07126446255,-20.89699591690955,-459.7318422652236,-27.406980205189704,-22.02702543553996,169.7297570537275
143407.07653223205,-28.97841070679176,-99.0137679437316,-25.34017832062275,-27.6823756359641,61.328755089545496
143407.08137354077,-36.35011358073078,226.0115681713894,-30.52834637702141,-36.74760013641345,-251.28307498321027
143407.08613691392,-25.121140694406648,22.329106198799394,-33.08655575871888,-31.76269584867622,-203.09907611915204
143407.0900923601,-25.299172503807046,-309.81471478061826,-34.266984635698094,-27.241891002401974,28.69649062325819
143407.0931203144,-27.866424837401915,-467.8253240147409,-32.29467660801694,-27.761695259004426,131.77048210539962
143407.09732142824,-24.975003725759997,-384.45421754561346,-32.001937576480145,-33.48052033662848,48.16306748801303
143407.1033489589,-25.98155745908179,-572.0657943829915,-31.97987438877264,-31.25400642699743,122.15423441546145
143407.10847548395,-24.474121749402393,-488.99524918802956,-30.777337520181906,-29.84326788668456,16.118197500627815
143407.1112213317,-33.311148355432834,-186.38663576594863,-34.414414896197684,-38.907287901050545,-254.9346643306204
143407.11423844943,-37.439086324271976,-125.64776536995382,-29.99014473560128,-30.177330223809715,-253.1170325083923
143407.1197548901,-33.349068494376496,-207.50230792499417,-26.61136060631144,-22.618892639994154,-158.39791602647293
143407.11263790145,-32.26676037736701,-423.4778702583443,-28.393452930307774,-22.933812920394445,-13.251554412793116
143407.1158125574,-20.3503572700086,-633.1202055433293,-24.1839327759109,-14.466535982742688,170.20059370329878
143407.10895739408,-24.701543217918434,-447.4352779127881,-29.002894186282994,-23.239821854158194,12.92830493346694
143407.10918379528,-33.95739238839026,-613.0748298990284,-31.875533106675437,-27.376065125612566,92.11877593149742
143407.11770501046,-34.51517761718328,-437.226868586956,-32.75251283397194,-21.44971371990568,-0.12850797047045148
143407.12270274232,-30.74379968900713,-51.149789357154646,-33.98828371149317,-27.374689965836144,-269.2857248267701
143407.12161662502,-19.97264320186676,-295.699538823025,-33.76013535447514,-16.795409096123798,-110.29819923787504
143407.12172887166,-17.14013436519138,-700.3997288152709,-26.880146229518868,-11.513232666654476,166.90700611196425
143407.12562226062,-25.808126408870343,-950.5777809471301,-23.035776364625892,-16.033477737807637,265.23326055864186
143407.1295623384,-28.970587923982478,-776.3358895984145,-30.251817597199988,-20.879440518082486,223.23685821483613
143407.13181170783,-25.758976749962738,-403.454339220118,-31.58486070768746,-29.734000743616313,27.9158438513837
143407.13362560506,-21.78790768549735,-520.8747388797013,-29.98603293196322,-27.101967789548116,69.21685879530071
143407.13545897132,-25.74415623783169,-284.3498931645712,-29.887869329643294,-28.375564021187174,-43.69061470280036
143407.13752036454,-34.058723766169464,187.09295031979224,-22.500917046789624,-25.90276198379442,-327.0298587364594
143407.14070900256,-38.00123149739555,-21.98061601548315,-24.142627418303526,-24.706189006429693,-334.858368951621
143407.14421192522,-39.21508770619216,-411.3245997770032,-30.395308651059164,-25.676416529738912,-129.70457318954092
143407.1459769111,-37.854870515089814,-412.14958305340895,-29.97550638869811,-23.023000664277124,-65.3238929456543
143407.14678261764,-39.72544659883765,-311.33649014066197,-32.41164499196989,-34.38063006591962,-115.89923617160358
143407.14946533774,-45.46504967366168,-572.1009887426995,-34.116128256371034,-38.29533542047993,51.86511320097996
143407.153674408,-49.005397576712625,-530.5480357336272,-29.733040837846122,-29.941384167562873,81.91137510823398
143407.1806442786,-46.567667134167635,-209.86586225309878,-34.848986826932176,-33.67204190885097,-83.63466076029904
143407.18000548286,-34.03949983226511,-233.60171514115203,-36.71997841321382,-35.18681037270392,-217.15608449651845
143407.19751238264,-33.65491157439794,-263.0861295639947,-34.327466979084136,-34.37649549076488,-209.6215755626088
143407.20538166675,-44.516617706056046,-346.48968106037785,-29.154167922419155,-36.08103181154241,-34.27547118187188
143407.1993024971,-41.05521163701896,-571.9702754343493,-27.127013276426872,-33.89154499288381,104.72827884989587
143407.1971231567,-38.02105212221464,-436.0245409820948,-31.263348229668033,-35.18794756925238,-50.942373031673796
143407.20423373015,-39.81690832330777,-588.1340726560088,-28.79017133324105,-29.73948954666314,70.54223629047155
143407.2105930788,-33.26757721658904,-416.9954008392787,-26.070491036579693,-32.3426374516781,26.95109925473944
143407.21196783183,-15.45994654268025,86.37914039890465,-38.2275622579255,-31.91685402291616,-317.4524216170623
143407.21294896014,-15.891450159588153,-112.067286137178,-39.763062645380614,-26.480057842965095,-119.72840020421889
143407.21548199642,-22.09222769488522,-532.8640011335774,-26.88074407585422,-31.269227999931005,225.35513061780736
143407.21820399212,-19.966846784015104,-874.3114815576898,-24.080450861690192,-37.722024080006676,332.96555276863387
143407.22169557732,-29.559028906520833,-881.1170693440051,-16.15076936399876,-52.821381275138215,338.2822829073019
143407.2259259848,-39.2416144860324,-502.36991081073404,-0.6014807691502106,-53.61832492181038,30.976180761496238
143407.22817825078,-29.277996391016476,-466.3888182230651,-4.422912044192541,-39.24696884348559,6.103144613726528
143407.22856672457,-16.88432722933853,-271.3282017132344,-13.28627718623536,-19.001717976976046,-109.57268059672404
143407.23120056785,-32.84648010117723,64.93409816970704,-7.636728471861612,-10.41629780295761,-409.3315072550662
143407.23663888656,-46.269506793028086,3.0795523938178917,-1.4331980511794606,-12.549147091440048,-311.4200467669335
143407.24023234917,-40.86219988767533,-258.90535078718784,-2.542365938320401,-11.014583625007857,-5.338917959846427
143407.24048691842,-39.219219657124114,-303.11685543429485,-8.681617068981897,-8.141177355631964,57.60087306944216
143407.26041147741,-37.37097829505444,-111.66957972326969,-13.741493584416455,-12.060215365019838,-89.46611294045776
143407.26436262875,-36.36515959215806,-447.3517326133594,-13.674149318328388,-29.56216593471592,13.268307953145339
143407.28093336918,-39.15283629237733,-542.3353120028963,-18.278101669416284,-31.59078186353785,35.56215401745068
143407.2857365139,-36.82081265592707,-245.20238334060116,-23.153751709743855,-27.795849300701022,-97.99271880492302
143407.28004418447,-25.084055004434745,-304.80392112194556,-19.4417314951089,-21.799827083036938,-107.42098627864905
143407.28103033366,-18.10030069364591,-268.5844515838711,-22.040256394297753,-13.20729306969916,-89.34169583282626
143407.28974693525,-19.9109234230432,-252.7436384936035,-32.30490678797706,-20.062350941496465,-54.5467033048966
143407.29520104657,-26.057898306758926,-552.2693560127112,-29.380534542145693,-25.9948448374006,106.30505376210007
143407.2958245386,-36.13101198954716,-452.82553631602866,-22.684745398492993,-31.832910647374167,5.718528666179395
143407.2977394025,-30.79230227795425,-589.876132048772,-31.927710203214183,-27.737459817949947,86.11932221829662
143407.30183827016,-18.892964743021516,-467.032981125423,-31.57691106301337,-20.3381361729015,-4.771339074720828
143407.3054775642,-23.741499496448018,57.90171611073674,-24.204844251053782,-28.936871166906162,-400.4655828643978
143407.30906877422,-32.00932835528726,9.467859595288573,-25.803733161031005,-36.41039666628248,-318.7644396972995
143407.31308792328,-31.090353930784943,-463.512470815035,-31.30906278535447,-27.664822145519054,16.941963849515933
143407.31565828552,-27.371713798642958,-750.1975502114259,-31.832962737089208,-13.552958124280483,300.88268757472247
143407.3173637524,-21.39622883430323,-783.76328433765,-30.53269238909106,-19.401578660900253,365.88624315065533
143407.3213622609,-19.62023570966918,-517.0642972337982,-27.575698380270744,-30.98559879175447,124.81613954262873
143407.32684147052,-21.483778025738744,-366.876849618307,-25.02331515936993,-30.189833632028474,218.56560563563872
143407.3297592713,-14.37729184811364,-117.60737486270634,-22.948941410754227,-25.084705971193888,27.563188651021996
143407.33062566104,-14.746459725406933,149.22974795804816,-23.22732429770015,-19.5694660093869,-287.79911199561457
143407.34496573656,-19.091422852922353,49.47135304132812,-22.803619315085243,-14.024650312022649,-159.17852108409136
143407.3511993219,-17.54400468535352,-257.26726335119747,-20.60343354367378,-14.875310553275497,-13.122644798050366
143407.36309609504,-15.715396186113875,-536.669322937589,-21.154737083014226,-23.674215104637995,75.2359086678353
143407.36786201986,-23.11851296139828,-226.93454573422082,-21.993936172698795,-28.810007381515362,-5.289991805521069
143407.36817144163,-19.496559730254926,-377.33154858265226,-25.249335045561928,-23.339321700732384,5.5732666534010775
143407.37307914518,-8.111412987186176,-564.2906196714418,-31.794922734808583,-21.499629725677135,109.78037502757323
143407.3810692363,-16.003874865080984,-226.12103894485682,-31.048834506984626,-32.39805270195406,-73.79587515275955
143407.38617388398,-19.930789388315343,-291.9913671771361,-23.698757595911324,-22.940858113086982,-120.23569622882464
143407.38953275158,-16.01521790880434,-541.699218158589,-24.534607276860566,-16.932410412506563,4.2088381489100755
143407.39472883358,-14.49309943538723,-465.064322452372,-24.55940995227847,-18.707747217977776,-15.079624934474444
143407.40051018016,-15.389533604131723,-423.09057073849874,-23.709104606027303,-14.351094587948616,5.8575769875198205
143407.4050032858,-21.936431004683364,-293.33733605025384,-29.499010104369066,-13.774627994202842,-39.74037931318517
143407.40981786646,-33.381444717878566,-577.7846760557619,-34.66524890930157,-21.047860851567265,161.34225738224865
143407.4157118193,-34.0231318120411,-440.1428073089455,-36.64605840904839,-27.85256069523682,94.07949961586804
143407.4206571494,-33.9421779453446,170.47295268915062,-40.55354373141436,-34.76904558702312,-306.46867922669304
143407.42453221383,-29.561726557338478,94.13476226038654,-46.195671609005096,-41.32992997910566,-274.6771938781113
143407.4297180479,-21.18221031242152,-255.35752882487728,-51.074408594734194,-35.5398243377508,-5.016380032197262
143407.43605164287,-26.718576491893206,-552.7575312869683,-46.13356115779246,-23.67681341997449,177.37551965482496
143407.44093495386,-31.158432436058384,-513.5119904161611,-34.63651736612634,-25.138329787610164,130.25759683282504
143407.4445883127,-24.331664913411288,-552.566935602425,-29.243601824742434,-30.32327633364389,137.05226746374896
143407.44780851834,-23.5029677797903,-707.0488339622293,-28.776619429046594,-36.62276629926159,172.3169150549333
143407.45428725812,-21.792148243009766,-317.4100277383576,-27.7765168599012,-35.18600997927345,-97.63987003250399
143407.45818061597,-18.374761960621072,-159.6477029381158,-34.42752284062356,-33.021662577549385,-299.02130431260184
143407.4617498982,-32.999362197429456,-263.944208935824,-37.125023192354405,-32.950318922883795,-277.58412008677635
143407.46745146345,-33.819956399898416,-298.586401753631,-27.08340881732819,-31.455403541577795,-241.5012990082784
143407.47383018996,-25.923373688002243,-605.4247124745367,-28.144092961735847,-34.00693577839956,-121.19163683717497
143407.47857189598,-26.285884796381776,-657.8882671900205,-30.44002937645738,-32.166280607086314,-44.43677378261614
143407.48252089444,-35.466855545523345,-642.8140322727286,-29.20536958542369,-28.91518761377867,-63.09673339697252
143407.4876569892,-31.008420797412665,-584.8713017518489,-25.56874226773972,-25.135078431733895,18.12785145949448
143407.49352608013,-34.2828402050148,-164.37706484132065,-25.39690963245358,-36.74755397000618,-158.5344661537461
143407.49855972247,-33.72141291762386,-119.72328437617944,-30.597835433457902,-40.69744529203115,-233.87314911105886
143407.5030263579,-23.61739568503691,-428.27606713457135,-33.394515548856404,-33.47359926174103,-32.4568784241282
143407.50809605911,-23.512184778093292,-702.7896449164986,-35.77163145842164,-27.8488506245502,101.17613263991834
143407.51352485974,-21.944405991492918,-490.5279628851487,-30.883876082178435,-31.43724061030542,38.48001273449377
143407.5184686554,-27.69135184816955,-7.356958061356636,-27.32670299143044,-34.28144697901212,-176.53375424205464
143407.52325146494,-23.866669562974685,-365.2744813681589,-22.687377239571745,-23.710766707378582,-41.16910143139833
143407.5284926698,-11.323546073660328,-451.53335260353265,-25.640403053163134,-29.635752848765634,-46.095597676773366
143407.53374123288,-12.608367803744175,-44.972203773609834,-35.40643082158626,-36.397837283026135,-337.5847083377444
143407.5384988121,-17.07800420510324,-79.18760707417391,-32.16106609409108,-28.476589247199176,-292.0078024137947
143407.54334139815,-22.656585432018836,-278.0180267653782,-29.15232270065461,-29.83130179764278,-99.91360447713124
143407.5178492952,-22.409223203629672,-480.83131783005814,-26.624521549195993,-30.40002600208791,8.04460663746383
143407.5232351311,-25.626291166484606,-603.9742790924141,-25.873979955521754,-23.983184926420915,132.4169535574032
143407.50671854842,-29.599223383314097,-679.2304825235599,-28.937834332916598,-26.608574064512716,-12.656051497147622
143407.50408678217,-26.784193329802456,-902.4939419459337,-30.183190602803105,-33.165475962159576,143.33524698769997
143407.5185983526,-30.7220954147203,-597.1826749564993,-30.697943874566302,-40.15013746203874,56.15332447167921
143407.52632495723,-34.9028467056141,-137.92394408309332,-26.94258024948954,-37.173385628675305,-327.8759352360862
143407.52222402618,-28.981266912433522,-221.8570011155351,-22.91131586467776,-26.572037486963108,-246.27586465745216
143407.52074962843,-13.209069184964802,-299.28939010717005,-21.610902761559537,-22.770700628403684,-64.39537624422965
143407.52611472606,-15.098611588301448,-499.3731887831668,-20.002065249258777,-23.506186887192776,42.49666045864946
143407.53070254574,-33.602326867956556,-536.4985544354392,-25.356694753696544,-27.581742235048118,108.55387214316849
143407.53253646774,-33.10928328203009,-543.3799321990846,-21.29714574134219,-24.969430182027644,56.81679625574606
143407.53490387317,-30.1708305732097,-650.1940237565784,-18.43895946535651,-25.011568531313934,148.9194777991064
143407.53712248438,-40.38429857040384,-52.344522113404345,-23.593064385763565,-35.04852375357508,-142.38431349115513
143407.53812369826,-26.344790008759063,236.25238318109328,-20.391268680705906,-24.288327977875202,-189.38269814405385
143407.54096287282,-7.118832521111994,-215.01741143478796,-19.470944641049044,-9.320226868870442,58.393579602837335
143407.54605331583,-19.440912473405312,-649.0231262840273,-25.835338423923595,-25.288299737789508,257.53729911541507
143407.54867441935,-26.067951214809526,-823.2745949000494,-32.24604432196948,-27.411616632488613,326.3427776304668
143407.5480920493,-23.499069649342626,-354.5174073724029,-36.89049420005071,-24.734382475180066,-89.0801343179958
143407.549822848,-33.771266484322084,-319.80041175215905,-39.87917085713133,-49.60037039796945,-112.71242481321117
143407.5553598288,-38.752663134631185,-331.11537814870564,-47.84522295240507,-53.765976467944554,-10.838339861628555
143407.58260353212,-17.3239465651025,176.3334518436353,-49.253447363824094,-25.44900785031322,-253.09085696366253
143407.58282651525,-10.690800712346455,138.54593045408868,-47.73375858647812,-18.733217021976436,-288.4492289026928
143407.60003858976,-20.161369709026083,-213.15456250712023,-60.033484979444864,-30.877177980164728,-64.69442663564263
143407.6107037848,-17.138448330833143,-298.649329702534,-66.29915674118752,-17.62939204355469,40.195911802029926
143407.60877266934,-9.02221474518202,-66.37582562865481,-65.78106249777504,-7.296067030969477,-91.00091672200085
143407.60878443433,-3.586979710183128,-296.5128275878929,-64.97185768968397,-9.452118129029623,-67.71850683395975
143407.61686257896,-0.47918922493010996,-607.5008049067121,-56.029785830311056,-6.983327839884514,109.13110428105358
143407.6252025718,0.47935973112389263,-437.0512512395597,-55.51762784969841,-5.197864167954538,91.4377988377465
143407.62941243386,-9.135960681790591,-292.78188074663694,-56.85141530776245,-7.903719066575144,-38.81128085702641
143407.63290018632,-10.89791352353151,-260.32178872354996,-50.21107753191293,-16.3422075930539,-33.24823805541543
143407.6375883221,-2.248299462862607,-304.0501547568927,-53.75543534800323,-10.715979362107063,-23.09635798292156
143407.64239185216,1.7297277100905273,-463.33495162632914,-54.30567185776177,-1.1368280703655422,33.476195379227384
143407.64778844884,-1.3554135653338306,-549.5083598737469,-44.321218215667926,-9.651784402020898,85.27793050802225
143407.65413719986,-15.188669178198007,-591.0144671606978,-48.34124451451807,-24.937131335846775,13.996410316770664
143407.65914437594,-15.62389803280256,-584.5779572393579,-49.56947020830328,-22.81129205667135,287.2958162040571
143407.66214282543,-5.051634065030273,-72.2698142452638,-40.995552160792535,-13.24555377888382,72.17542208748948
143407.6664231214,-2.7856435851999866,303.12062930318234,-36.79169873662424,-12.598447358266492,-408.8855289457106
143407.67345040984,-8.64482578285836,-177.33001853990288,-36.67137769839634,-15.124615905319134,-260.0611603086883
143407.67975890753,-5.86917240301421,-733.4671111338964,-34.53190362962113,-15.583665585223738,53.600221257187556
143407.68304324185,-6.353437807296222,-911.0337565766392,-37.71052155431897,-10.192519779217678,217.97825470921447
143407.66519350762,-8.690789242697786,-476.59343964133933,-36.948642921513,-14.490563023068706,65.86368624120746
143407.67240481608,-3.972954905138458,-249.56241697794226,-33.029855222015954,-17.33547239201326,62.68492181874048
143407.66575033433,-7.383385929237817,-208.86981779348488,-35.097974584997544,-15.403407843003398,-63.69257028135982
143407.6668904039,-12.923851165411405,105.19213002601849,-37.05667385954602,-16.29356622382234,-346.2462658869673
143407.67823754955,-11.122654721497014,-18.879728409366948,-36.279946791721876,-26.666468313993455,-327.5039776500598
143407.68609176317,-7.8301547918151755,-301.9221702058196,-40.696965302108566,-27.32284875981239,-135.14363851544587
143407.6875213056,-18.28913492557037,-358.6114866798733,-44.47223041843169,-25.251106980574235,-51.05765323129368
143407.69025334553,-27.817506378199827,-158.8517206133673,-39.62810373833181,-35.103257070122666,-184.52456623596836
143407.696134116,-27.459703643974095,-146.66180902455648,-37.77133178331969,-34.40206231320882,-91.63477208508247
143407.70137860006,-27.956815285484453,-498.5030266820893,-40.329924158986444,-33.314092505044,184.30161883423884
143407.7058977441,-25.524999269376302,-429.2585629086963,-37.24810509663595,-30.144197524787792,75.51682104631189
143407.7113167599,-22.589912472193298,-358.2525223746581,-32.677845698301816,-26.896346984832928,8.442269124426968
143407.71598967578,-23.153709385845254,-586.1322878363258,-34.49771022818881,-24.97791384934646,28.53342649952702
143407.7190912398,-26.42889250237249,-515.3121148745448,-34.25380446304284,-19.570480571769245,-98.98878874382811
143407.7235466896,-24.594118880160437,-576.8636198699002,-29.073976857302412,-11.636566670541235,98.25611467489216
143407.73025448184,-21.997577635352993,-571.5063147990109,-31.624346542279184,-10.036885787750911,237.1892925960313
143407.7356569969,-27.46518125537138,-463.9175048269786,-36.37357222717488,-14.068702467101893,31.157881972262004
143407.73836986086,-24.803797317704326,-677.7572065275176,-38.062100930973855,-18.176211771127193,74.18814949693515
143407.74194170878,-22.639983707602127,-322.3640995836448,-39.208471069239465,-16.585400243717647,-104.79830245801031
143407.74828469,-20.69616764639928,266.5168954866811,-36.17023484706468,-15.787976606406595,-369.5237292356107
143407.74942486294,-24.88605391950444,80.19669149430128,-28.618783570002893,-25.32498604139109,-272.7316091809334
143407.7523845518,-37.77633537586602,-499.16948722792534,-32.51847124856204,-26.173640044460317,102.5062433887172
143407.75171679637,-40.75092478764287,-727.9114545010303,-33.967922221475376,-22.91796651653389,312.90568166685637
143407.75482424922,-33.78460941671635,-383.7011687969186,-33.217649514073855,-28.091595207613807,85.86658593236689
143407.7610796183,-18.133194191821964,-442.7839119706978,-43.05924843783164,-16.88106842397996,-0.17882711623180114
143407.7652056358,-13.986287036085262,-297.44035911321185,-32.69333635103051,-3.638115451867459,-59.5321810811006
143407.76695028355,-28.401811059994248,161.16693425038358,-21.832775543476785,-17.373793411876527,-313.556614973474
143407.7696187017,-39.43005058866815,-27.4101639804681,-16.90623414294459,-27.935907844942413,-291.272539732248
143407.77375119942,-56.05283238372296,-362.8054417968238,-3.4331077295719323,-39.09348810575976,-94.40689454395965
143407.77771841374,-69.6248713117478,-361.648401351223,-2.8459020544711366,-47.92190173353307,10.053331756782015
143407.78115221363,-60.68100016236582,-186.81522728824393,-8.226309808307766,-48.64219931121599,-127.6470390540031
143407.78440053694,-44.75861682966908,-208.74033030451582,-12.986005533557645,-33.20945674249899,-148.42540479337342
143407.7873577086,-46.52570623401143,-453.6844361382297,-13.89879274201011,-21.697712212515196,-5.56748480003467
143407.7905210139,-50.993642804675964,-379.1529531767664,-5.17915895424661,-28.24547021934094,43.445368797046996
143407.79460703165,-41.7660051513077,-194.34841389393608,-1.3031346413987561,-25.815363056408962,78.11886159219142
143407.79869434013,-35.13932539585635,-468.54050442143716,-6.011617959890231,-20.78171883861807,122.19695414186262
143407.80146659844,-37.25085692743035,-742.3408893978482,-12.472813945349058,-29.34932534132849,143.62361620068563
143407.80391189712,-30.737415685915344,-714.8213750382534,-14.23850557867559,-24.390942935038442,168.0340238578948
143407.8078206956,-23.38097231247957,-650.3794474786722,-17.194299438131935,-20.38603705293168,97.29668060390402
143407.81239877496,-28.464869193222384,-528.5957561764161,-11.902284749736886,-20.125817233271114,-74.01501452701083
143407.8256193379,-29.61835316627166,-546.1890185729791,-6.9816091361664245,-12.275007218025475,27.615023371722202
143407.8283129296,-20.83233914740038,-248.13585066389567,-16.10088333162029,-16.935463761096614,-142.505526298985
143407.8390794287,-22.803726838190325,64.08524454379804,-18.179547821831896,-21.463537175237267,-456.21610490107594
143407.84678682644,-27.17847677393031,-53.293584469304385,-17.126843071703398,-25.381497994547335,-321.9422280530973
143407.8483267073,-30.94682654734343,-321.6487361882697,-18.40347614156175,-31.949676669080198,-32.36269465239429
143407.850723118,-30.50754939412371,-490.18192032533614,-20.14532558940399,-26.149982060613823,150.80410443289585
143407.85723075262,-22.487979176468908,-337.8596543340139,-26.80599565747073,-18.201770993145196,117.59218941915962
143407.8640225361,-23.152608232923193,-415.2526090310969,-29.207932202991742,-17.2410074802279,105.26065413912343
143407.86857799225,-22.215043733624352,-409.99565018073207,-24.737422096202806,-17.04322556378432,25.66561785628656
143407.87252768956,-19.53594253494157,-35.744088731617126,-26.013154160016,-21.006413105250665,-204.65652474005523
143407.8772325693,-20.10440469057992,-5.515101908121437,-27.15133389821692,-20.937790713487015,-247.29448110868233
143407.8823189943,-23.696370198143782,-192.13460050579047,-24.57760322866989,-17.19492726493716,-59.56867517121201
143407.88764133264,-25.48463887517362,-419.05344046799104,-32.77724797590254,-24.452847581663313,60.16448209933803
143407.89308893232,-22.932788895062114,-558.043906990808,-33.27911098586966,-25.82110245434542,53.31814612926854
143407.89779664367,-22.308298961486177,-327.2240098364119,-27.856436596,-24.218734311488596,-41.039008578793954
143407.90181177208,-18.968944316618714,-530.3640431838392,-31.050911548900782,-26.023890828553732,118.22564236383256
143407.90666013336,-20.423747775847822,-316.84380954752856,-32.33415832979945,-31.297194128506483,75.58719385901102
143407.91266745052,-25.679456295622344,61.41821318785196,-33.012599136991106,-24.00989322307195,-109.88206057314262
143407.9180385117,-25.52712369327407,-200.44908616423925,-35.697391635343806,-20.547577549442558,48.007753075258336
143407.92197876459,-24.62043536152429,-620.9906063399236,-34.18094270676869,-18.96132722481349,198.09495841541772
143407.9061942966,-25.24986243052804,-867.0861183794275,-38.37584026759647,-22.53486549162608,258.05385766766574
143407.91313825746,-24.95696438337241,-745.0857997867039,-36.00975984955498,-22.465464138550452,294.354714162286
143407.90630797247,-27.149922539756297,-385.6722850358541,-32.761493744681154,-29.067809331746908,135.15769195514898
143407.90782371862,-27.515533782291886,-515.5539525998735,-33.54435644767774,-34.252971863026616,92.63541002856016
143407.91979163792,-26.409882101977956,-278.03449117161693,-28.91193744714469,-30.171750421402468,-88.09300708686247
143407.92795460537,-29.188980767420006,227.2046544022392,-26.2625694416971,-35.75997586021979,-362.1449027641389
143407.92928533864,-28.926070312738467,39.95025559759535,-29.55049856425733,-33.29162477535438,-315.8831933706408
143407.93192414165,-33.07436957308319,-327.0996778405416,-31.99830483154927,-27.635615877173354,-65.27578008247465
143407.93810357727,-40.46517637083757,-351.1814151618769,-28.579607550060526,-20.071893951879026,-17.1787475197115
143407.943918609,-35.13139177647834,-292.1916887590851,-30.377647715400684,-21.75790876810806,-133.27510648510997
143407.94877285667,-32.76743266707362,-556.2140915366602,-33.82514072934252,-31.848036359661947,20.277508838184907
143407.95407219807,-44.30822191605235,-648.6916710169467,-32.47189253229356,-40.20245382445934,41.07431811218623
143407.9586242491,-31.573702054854632,-336.555759403829,-23.574279369931755,-27.43701356778753,-181.1709182888086
143407.96211809048,-21.485798962794792,-206.40431103885302,-25.11454124425024,-16.85382120024261,-164.6853001372766
143407.9672175945,-32.102017876091715,-302.8729366572063,-29.102310360180958,-17.58676755110586,-234.4218336049915
143407.97411923067,-26.74184955219505,-374.16991222334525,-29.786825000519407,-22.38423718638915,-209.886416367673
143407.97925657697,-35.78245312049043,-543.9807020221156,-42.595429618757436,-46.66640584165893,42.149086491815424
143407.9819988357,-42.99100997941835,-421.1939471479875,-50.26468599637791,-56.990807533484706,-49.11012554619377
143407.98618421127,-28.733426648052735,-518.7108144239576,-44.89163155700017,-39.64649583917256,134.78208080067395
143407.99305138277,-22.31444340873525,-382.68731633640954,-45.64812008035683,-27.91819295731048,26.781457898048735
143407.97935447725,-11.874783845324245,128.64667486053887,-53.45948351187255,-22.73902891042041,-380.52284742423865
143407.98338145728,-20.80044230576228,-47.59144837007864,-56.14741574417002,-36.812281038494106,-174.36252775940343
143407.97407631902,-23.23239871240469,-534.5177657936231,-61.46091646163812,-39.18327624292732,109.69345625955812
143407.9761923292,-11.813515741832868,-860.9329585631033,-57.00294305519866,-26.022339040307017,210.14629449376352
143407.98911074555,-16.19892078199898,-814.4601552274281,-47.01197843580891,-28.380824947180308,273.8930685846936
143407.99579663016,-17.515491799556457,-419.2396769226707,-48.306917976975626,-29.841914414907112,10.036058675418964
143407.9947980039,-17.276985551926046,-419.6065293584785,-47.18830606456573,-27.744968257507807,-25.21905412647274
143407.99668241397,-23.36239781752596,-168.07975749914954,-47.61409966890994,-33.090407472449954,-48.42772117755503
143408.00310277345,-31.457742365045327,215.67244126710875,-47.38943568726306,-30.62292417484312,-255.23211851442954
143408.0084463635,-19.836726842164754,176.38782244773935,-44.26283950623544,-13.54145213119105,-133.79231514204514
143408.01202549104,-12.382362092612828,-161.81994053105933,-43.846516520101574,-10.680222796332115,63.9412655243029
143408.01604766003,-16.33538636142493,-388.97743435574034,-47.81906494641985,-33.67571649640598,1.784486054070122
143408.019690133,-9.49236130520902,-122.250617644008,-50.92919460775478,-41.7343884089442,-107.1324859899618
143408.02274305222,-1.269252691413679,-421.4278608211389,-51.418503141425006,-40.754613919033986,48.94115314636506
143408.02759057767,-2.581978785561011,-572.3137109902689,-48.89663441817578,-44.39074616134139,14.889662672342814
143408.0335873399,-1.3188719411560452,-196.70431590653166,-41.98164004755306,-32.30333017579045,-173.35734690166035
143408.0370807364,-2.937840033497994,-243.3332146103469,-38.861596221570295,-23.020193941035178,-148.86268108408996
143408.03875793825,-18.132113374381426,-322.2985178189224,-38.67749990630106,-29.86905514806252,-170.8029529318296
143408.04305610806,-22.13229491469338,-294.41421886006026,-38.82874805738847,-24.958363731306104,-139.96304971755575
143408.04972220946,-27.088869793099185,-494.54756732508076,-41.64502283240176,-15.12023030485811,219.68178759059987
143408.06474119987,-37.536238120291415,-235.11636590963863,-43.85806558936068,-20.40267998051197,281.41314749063787
143408.06622059766,-32.814862282330935,-373.93826194057243,-39.6266254801627,-16.818409490241525,374.2552735127064
143408.0768455806,-25.363197874135118,-328.1600947256553,-38.302940717095666,-15.291193192195713,212.68097521735586
143408.0852921683,-28.900443763210614,256.39026081786375,-37.870555792632445,-21.967925192182683,-284.25261913011417
143408.0868364127,-30.373320559628233,119.88297698550636,-36.91302538069061,-23.928195505791983,-354.43175599876054
143408.0883426109,-27.510265048994352,-424.2938963357634,-41.705122678251456,-31.792334131524754,0.40518183924247353
143408.09438957187,-34.5076095000056,-695.2342741847629,-41.84268701236388,-32.59935461051097,236.22724597510995
143408.10146646842,-36.32419079179901,-589.3107515259164,-36.413056491231714,-32.883172574507064,267.25702708241124
143408.10608540906,-23.79126198884542,-377.9160539777472,-34.37871658390975,-37.65435810754768,167.4698958041211
143408.1095869973,-24.22501755860863,-392.6334577305272,-36.57274182944194,-35.60268967853875,36.590181005229184
143408.11397795338,-33.227137884433645,-101.38810107163634,-39.74267582093073,-34.821503355665506,-72.7102502734289
143408.11901475777,-31.779686731550317,75.77884438407658,-32.23080116944869,-38.05868014514748,-255.65098874509516
143408.12413058215,-31.896920049277167,-67.65502191062028,-28.538761265757035,-37.30074027259128,-201.12800535655836
143408.12931211462,-38.37887528378087,-222.78019567302198,-29.7767760489628,-40.62934960722174,-101.34193860082534
143408.13401124883,-30.740411716493558,-578.5842885576398,-25.178421455761324,-35.483647410859724,25.24637202898826
143408.13794816533,-26.366486301490518,-455.64553118304667,-29.094464638547308,-30.930533201271377,19.59508893689258
143408.14232441154,-23.191440852592905,-468.09799143738667,-39.5634001553959,-35.66001315635535,4.183757924758254
143408.1479730739,-25.261805783597293,-659.9188984230113,-37.93920042776829,-33.018957702371026,54.76513771590187
143408.15351049486,-22.848100981703343,-207.50061338415372,-33.70826385124029,-28.76579100649444,-115.28412044201579
143408.1575353663,-23.91097784655644,-121.72985749148489,-35.74899297082791,-33.59547578632299,-188.89704526916847
143408.14324936207,-37.3583276466065,-446.67020031369714,-36.31785711867183,-38.17231575002832,-80.67289489400454
143408.1494974124,-34.15341998476036,-525.714373130074,-30.952820865218484,-28.69451091796004,3.8831494849893318
143408.14403860667,-29.459776007497037,-496.76856263452873,-27.890642800051676,-26.311508571125394,2.8309032066601674
143408.14603182714,-31.98282011256863,-309.02038841229466,-24.592159716153574,-38.91487711495455,-137.35120786563346
143408.15673550632,-35.171708227293074,-543.2939271726675,-23.208887685018407,-34.93944897755986,-0.023304664149321752
143408.16392723404,-29.832437418138674,-445.87775301830345,-28.746046634940218,-32.555821308616174,108.91313464591713
143408.16560504705,-18.36669984148756,172.89388600180538,-42.88612192668752,-25.0435594247666,-275.88761038994596
143408.16866871683,-9.599479476479573,243.76355170599115,-44.2892247414364,-12.80197261465123,-292.643790077993
143408.1743963038,-19.289770805610246,-140.9070969158449,-27.12912940160962,-12.357049119903824,-80.41094542567343
143408.17951207614,-30.11422102510599,-541.9777108906463,-17.964589024161725,-22.484410993710963,50.35932784046405
143408.18414619923,-45.229283729768895,-430.4551832324856,-3.9294905456347573,-31.817176757412128,102.00206183883668
143408.18948591844,-78.5906351159542,-448.22228123955233,8.393596197153931,-60.25163733477848,63.72795857450737
143408.19391148473,-87.06207724268648,-593.7190896340196,1.7573888310899788,-74.44924668824862,146.0756878711674
143408.19710955984,-74.73443052128277,-108.79787017547127,0.602756710464659,-59.94319253922146,-16.959696881148794
143408.20187282743,-94.50694651142022,195.94148849753503,16.67573743974361,-74.57120408706658,-117.7967399088727
143408.2084639948,-104.65359879294823,-71.24793920892773,25.087765405246323,-82.20516923347765,-186.2967040430048
143408.21343369596,-91.84612545384275,-167.27718008634125,23.805089248627958,-77.00200208452875,-126.64603536217643
143408.21613308243,-86.95998239960333,-460.3613115788618,17.37573799425753,-75.06746837705234,27.050856349457504
143408.22012006404,-91.61180565011978,-519.8794309527793,16.25279275885795,-78.49929449340847,-20.411263108917325
143408.22654044334,-93.6097725941672,-438.5086584328342,13.349367171450684,-79.40897481881603,22.987174615873446
143408.21585383106,-78.75559701474126,-454.8648533573894,7.192937185003513,-56.1979724692398,217.16829824997524
143408.21983981243,-80.95968402319741,43.81236840128744,11.55059752455692,-56.85932854204455,-37.210942385494704
143408.21279047872,-70.26819504091253,113.81216164291169,8.163442283263347,-57.865692829964644,-264.03527449766943
143408.2153113394,-50.95908859255662,-287.50951662323274,-0.9484596627582407,-47.47124767881243,-54.85939894926827
143408.22676216203,-43.92514534512772,-583.9661353733436,-0.8375606283441595,-38.715042735841905,100.37551083819262
143408.23303623748,-43.7773766195873,-608.2797028258659,-2.3733648370420912,-35.326680545626225,132.6197270879032
143408.23300160185,-46.977256593789406,-28.68087900354095,-11.172213773439193,-37.54954813680776,-86.090821883465
143408.23530506983,-40.686846611728114,-209.04609030320017,-15.60514156971629,-27.382042113041226,-2.604682030485421
143408.24125576208,-32.28358065475734,-326.890232814416,-20.607160619974927,-21.528628568228594,98.65155015903899
143408.24639441882,-39.05857240356207,296.08136494558715,-25.89515902446836,-38.679082166431314,-198.47892795503353
143408.25023575494,-38.36981449850687,363.3065277409143,-22.000067614461997,-41.436008443423376,-208.1418289256349
143408.25436545984,-31.539252166879468,23.647816959275247,-21.208336765426544,-36.701362107281724,31.5217121535436
143408.25797322666,-39.690131188281896,-211.70628172148588,-26.123655503261134,-31.622090484511027,57.84400963829766
143408.26114647984,-43.00564938486812,-187.21581504096196,-24.38789551257831,-36.638314539600884,-35.224076061830104
143408.26603807905,-45.518091788310755,-291.80512035409134,-22.42752201687987,-32.19436210963906,-16.19808373391031
143408.271865968,-43.9302451785959,-594.1653934140052,-23.470002802033854,-23.890592361374,135.98318565436844
143408.27538592473,-35.63801329491528,-283.0297062290905,-29.477790588099932,-34.53388836976079,52.32685759311886
143408.2773760541,-28.461229228988582,129.37127675329396,-28.09460621326539,-29.445923728129234,-122.92560628200837
143408.2817534655,-25.65628283299858,-17.465908901382395,-22.52258674788329,-24.17828569275772,-90.42780025676504
143408.28815269296,-27.08586664372102,-44.939263005222756,-27.268824961796327,-27.020515948922814,-79.91098579597187
143408.30694467964,-26.187968514994196,-296.5776923103085,-29.082285209101034,-19.16617526516852,36.912475036658805
143408.3088042565,-25.89454916687216,-495.8338502946184,-29.702794098962944,-22.361750355042588,170.29417916200342
143408.3222773085,-32.44897894709712,-398.1385189904545,-31.39940684343871,-25.374110040336667,168.787688750504
143408.33153716035,-30.34437429106382,-537.8547595316074,-36.361438432249486,-22.831691488793293,226.13308166813567
143408.33196649,-24.9354697216812,24.298000590695565,-31.133429365651306,-22.982444661289588,-132.33394565205657
143408.33349996211,-29.630515390284796,461.4840869748947,-25.584775645827047,-26.748656185346338,-348.746625479426
143408.340895535,-28.388976494029396,-44.74970780604451,-25.643349583455695,-23.421293099260097,-118.58727858206542
143408.34873097233,-22.17289211467584,-625.6868623179693,-26.873420299805034,-21.659691187147104,147.0626485052665
143408.35336354922,-24.102685919171183,-502.4855138064421,-26.266389641263693,-30.68933499428306,119.62239676921482
143408.35718823667,-31.413708943768924,31.934530233596796,-24.71013285458111,-28.531666093781435,-168.92443561788727
143408.36216609814,-21.13349188534437,-29.02819803169323,-24.05456068351525,-21.328949956381695,-264.991465275992
143408.36756650667,-17.057864693383035,-40.414846054509155,-21.730171161553898,-15.99770171969644,-229.45066417380963
143408.37313422948,-25.11629609837155,160.85712917266574,-23.592207858421613,-17.6058423639289,-235.9017978547239
143408.37902416842,-23.93886053022835,70.54153418242753,-24.78379136170449,-21.344524327017382,-136.8717159954677
143408.38412697968,-27.05012120623425,13.49905918279017,-31.13488712221125,-24.004987177249433,-37.25008802222385
143408.38812372866,-23.119515451613424,-174.3002755240484,-38.564797634046656,-27.98906889195706,-49.757957834043225
143408.39295932092,-21.361615478384465,-495.0439995243994,-33.82811440751385,-24.963589026684105,61.23271499921631
143408.39950237656,-32.37462233973387,-504.4729100220571,-30.604232126965005,-29.134753071141606,83.2658166508127
143408.4055341757,-35.42787055215382,-801.3550711769591,-31.915493550959418,-28.552784740711623,195.01074128770782
143408.40955632483,-35.57827732601254,-552.8732499658072,-35.67905123703062,-32.90144308610746,176.7626201413573
143408.3716597332,-29.67440656187447,106.9260058990541,-34.263849696868206,-33.35053226306402,-70.8041636009529
143408.37828354182,-22.796186760787275,140.83293020552674,-31.121406898029793,-19.239483199357153,-153.25456710869187
143408.35646877968,-17.30638644529097,-184.8924217351382,-33.71681035976711,-21.303899397212554,-120.30119867887815
143408.35196262255,-20.63191415528592,-505.4899863013983,-30.968257080193517,-27.194095077200558,-35.573931314949036
143408.3690508131,-30.18406330681619,-457.6355936178515,-28.612843909911696,-33.39438287031656,23.592873582935454
143408.37803550347,-32.30739404106802,-301.4646236757575,-35.6590130949897,-43.133540557252005,-106.1589833674235
143408.37281401895,-37.118953932130864,-498.44830202163394,-35.208984683782134,-46.55604035353068,81.77064410098549
143408.37058931938,-26.391091848294593,5.442007038074081,-30.878839717559888,-31.786250099585637,29.38229500979088
143408.37586697348,-17.948649249402866,624.0934099584716,-32.1089998939621,-16.758108167167492,-292.25572717624266
143408.38014107913,-22.26958051511814,288.045509914643,-36.853628417974846,-22.525595153868945,-112.41084279168143
143408.38218268356,-18.254460012863625,-234.68882205276645,-36.97952740471615,-21.18939816502766,238.97637098850038
143408.38529518445,-15.59677907543687,-603.124900425007,-30.35717811509212,-12.26580844534784,378.02828618895256
143408.3871155433,-23.44568560166124,-225.93956637369075,-31.55939263617294,-12.57038755633675,186.92523960106388
143408.38671337813,-26.275913466469667,-97.41637839019904,-28.786184844307183,-7.52786732584989,110.06027045177382
143408.38942798832,-23.877209086292776,-69.18952414655786,-29.343637679530516,-9.216037376956034,4.501754924527496
143408.39580411598,-25.136171142366763,491.7980202443236,-35.32623151884057,-18.670755951213774,-251.02378745791754
143408.3986434906,-22.157246985208847,425.91897055983577,-32.13615787906677,-24.051683549824247,-211.6559744053098
143408.39665588966,-19.131090171667154,-46.69004702690198,-34.52951985462134,-31.294175072566276,-45.21394393230749
143408.39765288495,-13.218257896508103,-119.41999903489877,-34.656549510009015,-27.051794275575887,52.75125095303578
143408.40405630117,-14.89767294260603,192.68969397918164,-32.65630693097438,-20.198816992839358,-97.7799787769093
143408.4412546804,-22.72508279113071,157.10440502983926,-33.856467901048944,-20.85968699579594,-142.87742133725715
143408.4402318657,-32.58804944193267,-313.7362331564312,-36.51168462150741,-30.969428544132963,102.738457659145
143408.46255675558,-21.89331593961115,-292.0560107102257,-32.22849035334655,-27.214908561447988,47.457632719765286
143408.47485167105,-14.80899870158087,-151.7813041848383,-30.067727169037223,-24.38262092287841,-94.57551822136239
143408.4697960105,-30.37294531289973,-316.12183966091095,-37.90911493217517,-41.73414502514686,-18.672212343733037
143408.4683675234,-29.727245772192948,-298.3791768666615,-31.49637180912947,-39.01508476120118,-132.6794910137642
143408.47813398903,-22.995842049072074,-451.45882917980964,-24.81826100231646,-22.248754886626713,-75.84297376358691
143408.48738674063,-26.96532169435272,-569.4915741210654,-23.36723048209483,-15.833121631361621,-8.643339450419319
143408.49076802802,-22.60850957688294,-375.22929372861245,-25.633011128598646,-16.946124429796736,-94.20454786794659
143408.49392278335,-19.091636630930605,-509.26449331890973,-32.004135417532936,-16.569583618778367,73.81124407004035
143408.49900507205,-20.82150493359132,-150.34882232962744,-34.12769486757547,-15.35201582845683,-130.4229013811726
143408.50361523428,-26.00608045260723,471.9369454929974,-36.65231708678064,-22.313407247919663,-405.5415352519551
143408.5087032112,-24.683983293859864,261.8605921775288,-33.85704626242784,-23.13257153912512,-326.9706592472052
143408.51557558967,-8.341857352321702,-355.53652411977794,-27.449995288937597,-18.624445232437356,-32.75918450509806
143408.52096403588,-10.469660735494024,-405.5269311686961,-26.78912066318059,-19.927780221078493,170.36119646722244
143408.52327578637,-16.047155722158934,-62.127850226612125,-28.778787046395703,-22.192523780959696,-6.588178000642365
143408.52700919966,-20.264875966866043,-171.5914537353559,-27.062881590324665,-28.359350727192396,-16.494337506909545
143408.53468654843,-26.507568036342967,-82.71865141436217,-28.033365416060562,-25.03473931227943,-98.1979547942245
143408.54165698137,-27.242347818666428,268.2747976274961,-27.792244580903727,-20.837241976021392,-299.159523974204
143408.54442202472,-36.683287185985954,104.59508624340883,-35.49361640335218,-28.027780395053853,-205.26486528496258
143408.5233375599,-34.44156485223211,-74.67573462294203,-37.21341243335074,-30.603045052236606,-9.784499613461719
143408.52943765622,-29.11591977405692,-141.6832211789424,-33.03593960916271,-22.431011861990168,95.57884212035327
143408.5204035559,-28.097237964376255,-394.70455795178214,-30.880497038333925,-23.996588730332782,171.30714816026764
143408.518600408,-27.96329501877669,-156.5321333285013,-29.610610051305084,-32.109071638406775,109.19609505166493
143408.52768883068,-30.068846106490156,-354.3693355346727,-32.7331902765027,-29.51543237983874,292.8269459978343
143408.533806152,-32.40240689387791,-364.9823188787425,-30.547802821374436,-28.156478120249066,190.18091281255118
143408.53323553305,-34.20308861921406,203.527635550512,-30.645007045440725,-30.427694970205568,-170.4891391482288
143408.53363613834,-34.64587706156904,-87.86917554323276,-32.80071596491997,-26.882934999377284,-156.4540474166426
143408.53721241804,-32.93403683249322,-620.81590489314,-27.489218362671433,-26.271800498363092,37.70462870964426
143408.540244452,-33.2242190919752,-651.1086637666024,-28.158875115233542,-25.234061104231106,165.19412936760597
143408.54259361693,-32.42561185536245,-555.8897814993854,-27.893524681667465,-20.975533104256947,218.75699877069195
143408.54596189153,-41.21330332483847,-289.56824095856575,-22.00683610775886,-26.275462693754285,78.90616472342622
143408.5485951986,-39.30380771156904,-353.8228295981853,-22.562847048455914,-31.094309718281753,116.80442974890697
143408.54940163787,-30.655145340824195,-122.32894060432716,-22.73549025510073,-33.87058928408816,-77.60004734395703
143408.55142930715,-39.753930473271794,407.4562329787225,-27.27753154204728,-35.56013273800879,-354.0422334391651
143408.55600860534,-45.090098290989346,331.4975029703533,-34.02456054821305,-40.79149379652053,-297.9473114363798
143408.55955123762,-39.32162566552769,-99.68909009343632,-30.401041894141606,-47.447009133231916,-99.77631822589686
143408.56014643738,-47.60922146395032,-427.9980026861592,-31.67420645810356,-53.73618036710075,90.52607276824523
143408.56122410428,-56.077954080472665,-274.98350138084146,-39.82138901820724,-62.42846510200566,-69.59006791806645
143408.56522812642,-42.09766511947272,-355.47751886642465,-42.51209442422636,-58.08048001749886,8.527955932688343
143408.5911250076,-31.917021822795625,-315.526559804924,-44.10813694229197,-47.071214168268725,-19.194587904091577
143408.59155480692,-37.02593269835677,242.1676436766341,-45.641873899239755,-39.35644303020086,-328.4742021952108
143408.60635840148,-33.114576906927894,322.79845923573123,-39.34073109650898,-33.98639477605633,-286.15581496904895
143408.61261030677,-30.37038025711821,-64.05386207495629,-31.981360341013026,-40.88387118099161,-118.4853767082746
143408.6080361001,-31.036616243501783,-338.834785155586,-36.872292954001736,-39.650672051996864,-2.6770118265029907
143408.60755622858,-29.886539075834886,-411.6493315983337,-41.04308291800976,-39.89544413678462,16.99094354610338
143408.61419351958,-32.48493788856395,-132.00500100216345,-36.30824963263013,-41.69728431951733,-131.2760850864095
143408.61910291587,-33.03239561454953,-395.76849113565777,-34.55622683972878,-38.44471759319074,88.94161409123497
143408.62014638353,-34.80758954386744,-239.14937887613513,-31.050469326335715,-35.220763161525625,89.92639082914545
143408.6220709451,-27.77047691437933,293.0163314811713,-26.461774651051492,-29.858990083844517,-107.38327111423675
143408.6254101844,-22.466937027237705,-25.745296053297608,-26.856646220395316,-30.35095257206983,-127.104887387253
143408.62777155088,-22.77864324477538,-535.8576841692576,-34.21682803910501,-27.76156366802943,84.81940561319965
143408.6302656273,-27.568112096769514,-726.587804830292,-36.304905165983676,-27.368600964165406,253.33231846963628
143408.63427289395,-38.75065027948415,-666.4800295837842,-33.04527791773022,-26.994161273759513,271.8023365051396
143408.63742735502,-32.09098943631418,-263.1319344041366,-29.03768901860133,-23.988676845912153,96.11758299533588
143408.63848114925,-24.915301559645187,-333.1183403832798,-29.644449721573324,-22.902090786351756,155.87957156762366
143408.64047132345,-18.366791917126687,-87.10325672951353,-28.353422500707083,-28.212632590069287,18.98431163172394
143408.64495378584,-12.573131198940649,449.57014069081185,-24.680390565827615,-33.43455717978052,-377.4004544755152
143408.6488121727,-21.000235358396218,267.28127402752455,-28.368759159236014,-33.597144419641175,-334.319424892786
143408.65009672067,-19.492086194713234,-152.62569637988625,-37.98832888156769,-32.86613760262483,-68.01019961192912
143408.67017702054,-17.403644854130718,-213.50276457840732,-35.25690741611544,-30.842022219272323,-86.10959267592257
143408.67322645712,-28.38878386273837,-88.48651828571721,-37.68379478226035,-32.22930736667318,-184.87524002532342
143408.68946291052,-25.803038070618445,-365.0312090155405,-41.442716505866905,-30.71248221005927,18.681672399733557
143408.69508478275,-23.79774737706933,-363.66518361285273,-31.678556259177014,-23.7111987008269,47.74053044801198
143408.6900759781,-22.50105702906917,11.02650302760829,-22.667390344299307,-21.394231138153128,-137.057085499809
143408.69067955826,-18.829522581672578,87.52056291498475,-23.436326345367412,-15.932920549847823,-162.95006343433374
143408.69877838605,-18.43273741514207,69.92707039898929,-27.20343261102305,-17.225879438284707,-78.1782029625193
143408.70445104496,-12.162268678661555,-73.92943346020735,-26.08902678472898,-19.113381041132563,50.49542532389281
143408.70578315674,-17.55999752187208,-421.0342460664039,-30.954978105889186,-19.85496825805939,141.43183282650907
143408.70788261094,-24.006052659465052,-222.07622868003847,-30.09149042034593,-27.408098594641878,-32.23762869562438
143408.71156095073,-16.870235260295612,-418.77261889268544,-22.70063335964496,-23.018040185129767,87.76705583372231
143408.71497329278,-18.626193536452277,-341.94644589562364,-22.943938997479997,-25.081132492128333,14.809218189516315
143408.71892190416,-23.306392050250363,412.9065999138048,-24.04965851164203,-21.95472420991546,-251.93167811034704
143408.72339674048,-21.826949035345038,210.976784045443,-26.88143341412308,-19.71837472518673,-142.3375922221893
143408.72596837225,-25.608752261899525,-374.14307649419345,-30.6574077241148,-20.597816421870917,78.66578475113639
143408.7273643643,-26.341558944832066,-688.3672513005532,-24.727376077410867,-13.880538031140617,296.0321527707372
143408.7313095106,-26.07833525843075,-753.241730713148,-21.622492436126603,-23.64552951194853,337.57518331932033
143408.73715849937,-23.31567092391478,-311.11157303148616,-22.243547070842027,-26.798225996249855,38.86476122746333
143408.7404110633,-18.343810389849658,-304.71967607717613,-24.419719623990158,-20.92027960631221,35.359032485712646
143408.7411771582,-23.281247040642825,-165.63202598858106,-26.255000435073374,-32.372705369352964,-73.26400651112601
143408.75441859534,-35.88772798696936,316.44461619748813,-29.452038503244815,-39.838454341805246,-391.2453466904799
143408.76070752583,-40.06377306539442,277.25760303669693,-32.93733391605386,-33.894023716513075,-340.011289705771
143408.7724077639,-35.719879539881774,-99.89984914857716,-32.197323373241275,-32.65519262961046,-82.38862816707689
143408.77708653745,-32.78993771214317,-170.4493046869991,-34.334950371122936,-37.78832603094932,5.963013067198492
143408.77734481747,-34.8076146379069,32.788034838823975,-37.78646888741309,-40.04065039308769,-184.29232889848163
143408.78211930458,-33.81032449543598,-246.36993719363116,-37.551158867119135,-36.71237383439319,-54.53299688683822
143408.79009559134,-30.726400002564304,-377.6387105680641,-35.98163787276829,-39.221837826863236,67.95457386712602
143408.79531155998,-33.77782282684473,-201.97392916170799,-37.00944468036133,-37.33962314969193,-59.3709790907172
143408.7985805577,-29.8113312660871,-203.74852063672694,-34.907433336588554,-26.87369752137766,-149.14930465469035
143408.80349015683,-25.52051296291717,-192.55875689006342,-26.837254932646978,-27.73489679152945,-70.06214875077781
143408.80919844107,-32.07407027653599,-171.76363397583145,-28.241965241603843,-33.58281302226408,-33.41584748237309
143408.81388114137,-40.910639953834085,-369.4576380621461,-30.696020251053554,-33.98610440740293,24.346507201508018
143408.81871301547,-43.67255419820267,-174.2378235730858,-32.753264650074854,-33.015074548075475,-15.542251494305923
143408.8243234093,-39.51058691640558,-436.0836859258948,-34.20637459319407,-34.40694160848754,120.50986296949833
143408.82908545178,-32.85221909922828,-447.37558692164043,-30.55475016898452,-37.80875979833236,-9.697373885725
143408.83307835652,-25.326958720137533,316.7742694460118,-28.17563423259692,-27.967407245540453,-362.3513182562714
143408.83836154203,-6.459243966545609,359.10738693162943,-25.14092751504037,-15.37571048598733,-277.58865328155
143408.84452806713,-7.311000665042271,-285.72317904147593,-36.22447580705436,-34.248169354987,-70.56053178312864
143408.84919675483,-12.556062600103228,-624.3054958753635,-37.374046625050184,-45.10902854130737,158.65005141760656
143408.8528353239,-9.985110312210765,-706.7732628363856,-29.663740941565003,-38.755425981196524,247.15515523762193
143408.8370510275,-19.501873241914648,-428.05146317666254,-40.32663575192939,-55.14044006642686,-1.9144621253913954
143408.84460613757,-23.54445435446074,-305.0755114321311,-40.40970891376648,-46.04362485092058,76.06318594418045
143408.836246303,-22.06610651359647,-76.99873709429833,-37.16840271411638,-16.062875719878292,-29.092935053602872
143408.83678892994,-32.134935414942746,212.97183063015402,-46.721225486211196,-20.932099680913126,-403.64308211663854
143408.84990618413,-42.63251770146388,75.95591876995783,-47.83088864632814,-40.08878763510066,-379.15640714657354
143408.8591382444,-37.2973414838232,-186.2625525318527,-45.24075760951817,-36.665402928005015,-163.05152550530954
143408.85959988297,-25.730549970280016,-488.0486005354492,-48.57204797258726,-26.95500438000078,-84.81556627846146
143408.86106848024,-26.989321719424805,-168.76132683062463,-52.42883071973455,-33.69166447582739,-128.58594019248784
143408.86771239844,-27.311678514114003,-247.2938601718298,-51.88358040696403,-38.11570857732461,-11.38182996287361
143408.87454586712,-28.466182961493544,-469.35761385804784,-40.793621913064314,-37.86169364048237,1.7512132050300373
143408.8791501734,-28.78009051998208,-71.38674228152092,-37.741571031516926,-36.361480323719505,-185.46192557398734
143408.8835323489,-20.538392981036537,-22.5237851486458,-40.859067393675886,-25.598695255408348,-62.13709344912575
143408.88806311018,-18.266749136539637,-206.5336085393127,-36.86978608605517,-20.11846099252234,174.31227101398625
143408.8921870364,-19.427297803865912,-254.9539131758689,-37.43171532887757,-17.48751294187312,164.4222186090818
143408.89735104766,-25.123399184163283,-343.28340817388096,-44.106089839181045,-18.782645423491743,132.04002658619024
143408.90378330823,-27.056704366262032,-83.1984897837524,-47.69089052314683,-30.233160131605132,22.210989990230814
143408.9087628763,-21.098132209758074,-432.151201130054,-44.52657290471006,-30.65785706474306,138.35398407423307
143408.9116999465,-20.48207714716478,-439.58829538556574,-38.93842516754766,-13.13968505074397,84.48891764200162
143408.91592933598,-19.592034514570436,354.5496656955163,-33.21102755548927,-14.5467608964398,-219.78756558820976
143408.9226922281,-28.67726726186763,369.7178737448919,-32.012870428400035,-28.24539168750095,-220.84787815419534
143408.92326198757,-32.68153312970398,-104.10744301720709,-29.16798842617854,-22.985073896801914,-32.83566521493809
143408.9257712566,-26.024579767331254,-429.4211687469452,-35.235471455292895,-17.43760945200703,190.04406003802052
143408.92479732962,-32.34473712071774,-332.9051317121513,-43.51493448952489,-21.555284399997547,208.30147165509064
143408.9281705409,-38.30628530040925,-342.23285937168635,-42.97448570536443,-28.937338089702372,159.10198435630315
143408.93466203392,-36.56634059223828,-519.9839112684344,-43.51260224758068,-36.50938872071171,199.17430738277787
143408.9383178164,-28.219889426559046,-111.60479211850654,-42.329601221343566,-32.622803125291966,3.6318254633876847
143408.93943697697,-22.29691878282175,158.51851243148622,-38.844674097198975,-32.95993600784354,-125.49786361031451
143408.94221786852,-23.567468885552007,66.07654834798117,-37.6557848943326,-38.44905809548032,-61.51193346182169
