timestamps,TP9,AF7,AF8,TP10,Right AUX
1533222560,833.2601,807.47253,811.0989,906.1905,1151.1721
1533222560,803.8461,809.4872,807.0696,870.7326,1066.9597
1533222560,771.2088,807.47253,803.0403,763.5531,733.3333
1533222560,761.9414,802.23444,799.011,678.5348,481.0989
1533222560,808.68134,804.2491,799.81683,759.5238,565.31134
1533222560,838.9011,807.0696,796.99634,884.43225,891.685
1533222560,813.1135,804.2491,790.9524,884.83514,1023.44324
1533222560,776.4469,794.17584,786.1172,785.31134,917.47253
1533222560,764.7619,793.7729,795.78754,681.3553,570.9524
1533222560,813.1135,796.99634,804.2491,748.24176,589.89014
1533222560,849.7802,803.0403,811.0989,882.01465,1009.7436
1533222560,832.4542,807.0696,812.71063,905.78754,1305.0916
1533222560,803.0403,802.6374,802.6374,817.9487,1119.3407
1533222560,782.49084,793.7729,802.6374,701.50183,528.6447
1533222560,817.9487,800.2198,808.68134,738.97437,416.2271
1533222560,844.5421,809.0842,810.696,876.77655,771.6117
1533222560,823.9927,801.4286,808.2784,909.011,948.49817
1533222560,795.38464,807.8755,801.8315,824.7985,840.5128
1533222560,766.77655,815.5311,798.20514,704.3223,520.18317
1533222560,786.52014,806.26373,800.6227,718.4249,398.9011
1533222560,831.2454,804.65204,805.05493,860.2564,714.3956
1533222560,815.5311,806.6667,800.6227,908.60803,1010.9524
1533222560,777.6557,791.75824,797.8022,838.9011,1079.8535
1533222560,757.9121,791.3553,792.1612,722.0513,1002.49084
1533222560,779.67035,806.6667,788.5348,706.7399,589.0842
1533222560,823.9927,802.6374,798.20514,842.9304,692.6374
1533222560,819.15753,788.5348,809.0842,915.05493,1087.5092
1533222560,781.28204,794.57874,810.293,855.42126,983.1502
1533222560,759.92676,801.02563,799.011,733.3333,566.1172
1533222560,780.4762,793.36993,797.8022,701.9048,366.66666
1533222560,829.6337,803.8461,797.8022,830.4396,685.78754
1533222560,836.08057,815.9341,797.8022,913.8461,976.7033
1533222560,807.0696,821.1722,808.68134,871.13556,952.52747
1533222560,779.2674,805.8608,805.8608,758.71796,840.10986
1533222560,783.2967,792.96704,794.17584,705.5311,782.49084
1533222560,832.0513,812.3077,790.14655,818.3516,778.46155
1533222560,844.5421,813.5165,786.52014,906.5934,950.5128
1533222560,809.0842,804.2491,792.96704,873.95605,1044.7986
1533222560,769.19415,805.8608,800.2198,757.1062,819.15753
1533222560,771.2088,802.23444,800.6227,676.52014,493.58975
1533222560,826.0073,802.23444,804.65204,781.685,575.78754
1533222560,838.9011,814.3223,804.65204,898.93774,980.32965
1533222560,799.81683,811.0989,799.81683,876.3736,1129.8169
1533222560,763.5531,793.36993,795.78754,770.80585,755.89746
1533222560,759.92676,787.326,793.7729,687.8022,379.1575
1533222560,807.8755,798.20514,799.011,778.0586,622.1245
1533222560,831.6484,802.6374,807.47253,912.23444,1059.3041
1533222560,809.0842,803.8461,802.23444,911.02563,1107.6556
1533222560,780.07324,808.2784,800.2198,813.1135,834.87177
1533222560,772.4176,807.8755,801.4286,716.4103,567.326
1533222560,813.5165,805.8608,805.8608,779.67035,658.3883
1533222560,845.34796,805.4579,800.2198,912.23444,876.77655
1533222560,826.8132,802.23444,790.54944,915.8608,995.64105
1533222560,794.17584,802.6374,802.23444,817.9487,954.5421
1533222560,775.64105,807.0696,807.47253,703.5165,528.6447
1533222560,802.23444,802.6374,808.68134,727.28937,353.36996
1533222560,828.8278,794.57874,811.50183,861.06226,801.02563
1533222560,809.89014,792.1612,797.8022,887.25275,1280.1099
1533222560,780.4762,794.17584,790.14655,794.9817,1126.9963
1533222560,753.8828,788.93774,786.52014,663.6264,560.87915
1533222560,775.64105,789.34064,786.1172,674.90845,473.04028
1533222560,823.9927,805.8608,786.52014,824.7985,955.34796
1533222560,819.15753,804.2491,787.72894,873.1502,1031.0989
1533222560,786.9231,795.38464,789.34064,801.8315,808.68134
1533222560,762.74725,790.14655,777.6557,689.41394,574.17584
1533222560,791.3553,794.57874,774.83514,688.60803,483.51648
1533222560,840.10986,813.91943,789.7436,834.87177,771.2088
1533222560,834.87177,818.3516,798.60803,905.38464,1018.20514
1533222560,808.2784,800.2198,803.0403,851.39197,1016.99634
1533222560,780.07324,795.38464,799.011,738.5714,813.5165
1533222560,798.20514,798.60803,798.20514,716.4103,583.0403
1533222560,846.1539,813.91943,804.2491,853.4066,703.1135
1533222560,842.1245,813.5165,811.9048,934.3956,1065.751
1533222560,810.293,804.65204,816.337,884.83514,1179.7803
1533222560,782.49084,796.99634,813.91943,765.9707,678.1319
1533222560,792.96704,790.9524,818.7546,711.978,356.1905
1533222560,840.5128,795.38464,821.978,826.0073,669.67035
1533222560,847.3626,799.41394,814.3223,915.05493,984.7619
1533222560,806.26373,798.20514,801.8315,865.09155,991.6117
1533222560,759.5238,785.31134,798.20514,738.5714,734.1392
1533222560,761.13556,780.07324,801.8315,665.2381,458.93774
1533222560,809.89014,795.78754,807.0696,763.5531,653.1502
1533222560,827.619,805.05493,805.4579,872.74725,987.98535
1533222560,798.20514,792.1612,796.5934,853.8095,1055.6776
1533222560,760.7326,785.31134,786.9231,745.82416,1019.81683
1533222560,764.7619,796.99634,791.75824,662.8205,656.77655
1533222560,821.978,812.3077,802.6374,757.9121,541.9414
1533222560,845.7509,803.0403,810.696,894.10254,933.9927
1533222560,821.1722,796.5934,813.5165,897.72894,1064.9451
1533222560,806.6667,802.6374,805.4579,803.8461,840.9158
1533222560,811.50183,815.5311,802.23444,708.7546,467.8022
1533222560,854.21246,823.1868,813.1135,786.1172,512.52747
1533222560,884.0293,822.7839,823.1868,928.3516,947.6923
1533222560,859.85345,817.5458,823.9927,929.9634,1153.5897
1533222560,827.619,809.0842,827.2161,834.0659,987.98535
1533222560,808.2784,799.011,820.7692,729.304,652.3443
1533222560,833.2601,809.0842,817.1429,774.43225,722.8571
1533222560,863.47986,815.12823,829.6337,906.5934,919.4872
1533222560,843.3333,807.8755,836.4835,931.1722,1052.8572
1533222560,807.47253,811.50183,835.2747,851.79486,998.46155
1533222560,783.2967,798.60803,826.8132,725.2747,556.04395
1533222560,802.23444,794.9817,823.1868,734.5421,356.1905
1533222560,840.5128,807.0696,822.381,873.5531,774.83514
1533222560,834.0659,807.0696,813.91943,913.0403,1023.44324
1533222560,786.9231,804.65204,804.2491,835.2747,855.42126
1533222560,744.61536,790.9524,803.0403,710.3663,574.57874
1533222560,765.56775,786.9231,807.0696,703.5165,471.8315
1533222560,805.05493,783.2967,805.05493,844.94507,927.9487
1533222560,794.9817,782.8938,796.5934,892.0879,1168.9011
1533222560,762.74725,792.5641,795.78754,810.696,967.4359
1533222560,737.3626,794.57874,796.1905,694.2491,689.81683
1533222560,755.09155,784.90845,797.3993,674.10254,475.8608
1533222560,807.8755,796.1905,786.52014,814.7253,715.6044
1533222560,806.6667,806.26373,777.6557,884.83514,996.04395
1533222560,772.4176,798.60803,790.54944,828.022,949.707
1533222560,745.82416,792.1612,795.38464,717.619,662.4176
1533222560,759.5238,799.81683,789.34064,674.10254,407.76556
1533222560,815.9341,810.696,794.57874,804.65204,708.3516
1533222560,833.2601,797.3993,802.6374,912.23444,1166.8865
1533222560,804.2491,792.96704,796.1905,879.19415,1293.4066
1533222560,772.4176,811.50183,808.68134,756.30035,814.7253
1533222560,780.07324,813.5165,820.3663,689.011,441.61172
1533222560,832.4542,810.293,819.15753,806.6667,683.7729
1533222560,852.6007,823.1868,815.12823,916.6667,1002.49084
1533222560,819.5604,811.0989,805.05493,883.6264,1027.4725
1533222560,781.28204,801.8315,798.20514,769.19415,782.8938
1533222560,772.01465,801.8315,791.3553,678.5348,496.41025
1533222560,812.3077,799.41394,789.7436,767.1795,605.2015
1533222560,833.2601,807.47253,793.36993,884.0293,989.19415
1533222560,801.8315,806.6667,785.7143,865.09155,1133.4432
1533222560,761.9414,792.1612,782.0879,766.77655,1126.9963
1533222560,745.0183,785.31134,782.8938,668.46155,738.97437
1533222560,781.28204,797.8022,781.28204,723.2601,474.652
1533222560,809.0842,797.8022,784.10254,850.58606,822.381
1533222560,789.34064,794.9817,790.14655,862.674,1046.8132
1533222560,757.50916,795.38464,787.326,772.01465,834.87177
1533222560,747.8388,791.3553,776.4469,670.07324,459.7436
1533222560,790.14655,791.75824,779.2674,720.84247,510.1099
1533222560,827.619,808.68134,789.7436,865.4945,914.65204
1533222560,811.9048,812.3077,794.17584,889.2674,1086.3004
1533222560,773.22345,801.8315,793.7729,801.02563,927.1429
1533222560,756.7033,793.36993,794.17584,691.8315,639.0476
1533222560,792.5641,798.60803,803.8461,726.4835,599.5604
1533222560,829.6337,805.4579,803.0403,863.0769,874.7619
1533222560,811.9048,808.2784,803.0403,897.326,1041.978
1533222560,768.7912,801.4286,795.38464,816.337,1037.9487
1533222560,743.8095,783.69965,790.9524,693.0403,817.9487
1533222560,772.4176,798.20514,803.0403,691.8315,466.5934
1533222560,810.293,809.4872,803.8461,828.8278,722.4542
1533222560,801.8315,797.3993,800.6227,880,1061.7216
1533222560,769.19415,790.14655,804.65204,811.50183,982.3443
1533222560,740.58606,783.2967,796.5934,694.2491,568.93774
1533222560,762.74725,787.326,798.20514,674.5055,369.08426
1533222560,814.3223,796.99634,799.011,815.9341,833.663
1533222560,809.4872,791.75824,790.14655,891.28204,1126.5934
1533222560,809.4872,791.75824,790.14655,891.28204,1126.5934
1533222560,781.28204,794.9817,790.14655,836.08057,968.6447
1533222560,770.80585,795.38464,788.1319,722.8571,641.4652
1533222560,788.93774,803.44324,785.31134,691.02563,637.8388
1533222560,832.4542,814.3223,791.75824,812.3077,851.79486
1533222560,832.8571,807.47253,793.7729,889.67035,972.674
1533222560,803.44324,799.41394,799.81683,852.6007,1014.57874
1533222560,774.43225,798.20514,800.2198,740.18317,765.56775
1533222560,778.46155,794.17584,796.99634,672.0879,415.8242
1533222560,829.2308,795.78754,803.44324,785.31134,566.52014
1533222560,844.94507,797.8022,806.6667,893.69965,945.2747
1533222560,806.26373,804.2491,799.81683,861.8681,1034.7252
1533222560,772.8205,803.0403,794.9817,752.674,798.20514
1533222560,772.4176,800.2198,793.7729,672.8938,431.9414
1533222561,815.12823,805.4579,794.57874,767.5824,645.4945
1533222561,837.28937,795.38464,790.54944,898.93774,1197.5092
1533222561,801.02563,795.78754,788.1319,874.7619,1114.5055
1533222561,778.86444,796.5934,786.1172,781.685,753.8828
1533222561,818.7546,798.60803,794.57874,863.8828,764.35895
1533222561,819.15753,799.011,798.60803,915.4579,991.2088
1533222561,786.9231,784.10254,805.8608,807.0696,942.4542
1533222561,774.0293,782.49084,811.50183,698.68134,548.3883
1533222561,805.8608,787.326,801.8315,745.82416,460.9524
1533222561,843.3333,794.57874,803.8461,888.46155,949.707
1533222561,817.5458,806.6667,812.3077,911.4286,1376.0073
1533222561,781.28204,804.2491,813.1135,818.3516,1009.34064
1533222561,765.9707,797.3993,807.47253,701.0989,438.38828
1533222561,796.5934,809.0842,798.60803,725.6777,394.06595
1533222561,844.5421,817.9487,802.23444,865.09155,825.2015
1533222561,832.4542,814.7253,810.293,904.9817,1028.6813
1533222561,785.31134,809.4872,803.44324,817.9487,860.2564
1533222561,757.9121,800.2198,799.81683,689.011,622.9304
1533222561,786.9231,793.36993,804.2491,694.65204,543.95605
1533222561,828.8278,802.6374,811.9048,838.0952,827.619
1533222561,815.12823,801.8315,805.05493,888.86444,1005.7143
1533222561,778.46155,788.5348,786.1172,817.5458,1085.0916
1533222561,747.8388,782.0879,792.5641,696.26373,908.20514
1533222561,764.35895,779.2674,799.011,669.67035,509.30402
1533222561,816.337,785.7143,790.14655,806.6667,680.9524
1533222561,817.5458,788.5348,792.1612,890.07324,1077.033
1533222561,781.28204,787.72894,797.8022,832.8571,1041.5751
1533222561,755.4945,786.52014,794.57874,717.2161,659.59705
1533222561,770.40295,778.86444,787.72894,680.14655,433.5531
1533222561,819.15753,792.5641,784.90845,805.4579,721.6484
1533222561,818.7546,801.8315,790.14655,894.10254,1031.0989
1533222561,783.2967,797.8022,795.78754,848.97437,1003.69965
1533222561,755.09155,797.3993,794.17584,737.3626,777.6557
1533222561,761.13556,792.96704,788.5348,676.9231,606.4103
1533222561,809.0842,792.96704,794.17584,785.31134,778.0586
1533222561,829.6337,806.6667,794.9817,893.2967,1017.8022
1533222561,804.65204,807.47253,792.1612,869.12085,1028.2784
1533222561,763.95605,793.7729,786.9231,756.30035,987.5824
1533222561,766.77655,803.44324,782.0879,677.326,624.94507
1533222561,821.1722,801.4286,789.7436,765.9707,544.7619
1533222561,840.10986,805.8608,798.60803,878.3883,903.36993
1533222561,817.1429,814.7253,799.81683,870.32965,1033.1135
1533222561,778.46155,802.23444,796.1905,773.22345,778.86444
1533222561,764.35895,790.54944,790.9524,688.20514,398.09525
1533222561,817.1429,804.2491,793.36993,777.25275,517.3626
1533222561,845.34796,811.0989,795.38464,903.36993,990.40295
1533222561,812.3077,801.8315,800.2198,900.14655,1113.2968
1533222561,777.6557,801.02563,806.26373,800.6227,861.8681
1533222561,769.59705,792.5641,797.8022,695.8608,657.98535
1533222561,808.68134,795.78754,799.011,751.06226,789.7436
1533222561,838.49817,800.6227,803.44324,886.4469,919.4872
1533222561,817.5458,796.1905,808.2784,904.9817,994.0293
1533222561,778.86444,805.4579,816.7399,812.71063,862.674
1533222561,759.92676,804.65204,815.5311,701.0989,448.86447
1533222561,796.1905,810.293,797.8022,733.73627,354.9817
1533222561,841.7216,818.3516,809.0842,876.77655,753.8828
1533222561,829.2308,804.2491,829.2308,915.05493,1044.3956
1533222561,791.75824,805.8608,816.7399,836.08057,936.0073
1533222561,768.3883,800.2198,808.68134,710.7692,611.2454
1533222561,794.9817,791.75824,813.5165,711.978,508.49817
1533222561,833.663,794.17584,807.0696,857.03296,1016.5934
1533222561,814.3223,801.02563,804.2491,903.36993,1193.8828
1533222561,775.64105,805.05493,806.26373,824.7985,950.5128
1533222561,751.4652,799.011,794.17584,700.696,663.22345
1533222561,773.6264,799.011,793.36993,684.57874,482.71063
1533222561,825.6044,805.4579,803.0403,828.4249,719.6337
1533222561,821.1722,801.8315,798.60803,898.5348,972.27106
1533222561,784.5055,797.3993,794.17584,838.49817,969.0476
1533222561,751.4652,784.10254,790.14655,718.8278,721.2454
1533222561,766.3736,778.86444,792.1612,684.57874,582.23444
1533222561,824.3956,800.6227,801.8315,818.7546,848.97437
1533222561,830.0366,803.8461,800.6227,909.81683,1155.2014
1533222561,798.60803,797.3993,801.02563,868.71796,1244.652
1533222561,774.0293,797.3993,798.60803,751.8681,772.8205
1533222561,785.7143,799.81683,794.17584,697.0696,417.83884
1533222561,832.8571,803.8461,796.99634,815.12823,673.2967
1533222561,838.0952,801.8315,793.36993,911.8315,948.0952
1533222561,803.8461,794.57874,788.5348,873.95605,983.5531
1533222561,773.22345,796.1905,788.5348,755.89746,794.17584
1533222561,774.0293,804.65204,797.8022,679.34064,523.00366
1533222561,826.8132,801.02563,808.2784,784.10254,585.4579
1533222561,844.5421,809.0842,803.8461,892.8938,954.94507
1533222561,815.12823,807.0696,796.5934,874.7619,1160.0366
1533222561,785.31134,784.10254,796.5934,778.86444,1099.597
1533222561,780.07324,799.41394,805.8608,685.38464,668.86444
1533222561,828.022,805.05493,815.9341,766.3736,530.2564
1533222561,854.61536,790.9524,814.7253,892.0879,880.40295
1533222561,828.4249,801.8315,810.293,884.43225,1004.10254
1533222561,796.99634,811.0989,802.23444,792.1612,773.6264
1533222561,786.52014,799.41394,798.20514,695.05493,413.00366
1533222561,825.6044,798.20514,805.8608,758.315,487.54578
1533222561,854.21246,809.89014,818.7546,898.5348,940.0366
1533222561,828.8278,814.7253,820.7692,907.3993,1115.7142
1533222561,788.93774,811.0989,807.0696,815.12823,955.34796
1533222561,757.1062,800.6227,807.47253,706.337,692.6374
1533222561,784.5055,801.02563,815.5311,739.7802,833.663
1533222561,825.2015,805.8608,810.293,869.12085,989.59705
1533222561,804.2491,804.2491,807.8755,891.28204,967.03296
1533222561,764.35895,792.96704,805.05493,807.0696,900.14655
1533222561,747.03296,783.2967,801.02563,690.2198,544.7619
1533222561,783.69965,790.9524,798.60803,704.7253,351.75824
1533222561,832.8571,798.60803,792.5641,850.58606,730.10986
1533222561,830.4396,792.5641,792.5641,904.9817,1070.1831
1533222561,803.0403,787.326,798.20514,830.0366,934.3956
1533222561,779.2674,788.93774,804.2491,710.7692,537.9121
1533222561,805.05493,797.8022,811.0989,707.5458,437.58243
1533222561,855.82416,810.696,809.4872,855.42126,890.87915
1533222561,848.97437,818.3516,809.89014,921.0989,1103.6263
1533222561,815.5311,807.47253,809.4872,858.6447,928.3516
1533222561,784.90845,798.20514,803.8461,743.00366,640.65936
1533222561,793.36993,802.6374,805.05493,713.1868,565.31134
1533222561,838.0952,807.47253,808.2784,840.5128,707.5458
1533222561,839.304,805.05493,807.8755,920.696,949.707
1533222561,796.99634,801.02563,796.1905,859.85345,1008.93774
1533222561,760.7326,792.5641,796.1905,735.34796,727.28937
1533222561,761.13556,796.99634,794.9817,675.7143,430.7326
1533222561,803.44324,809.4872,788.1319,788.1319,613.663
1533222561,811.9048,800.2198,790.14655,885.2381,1041.1721
1533222561,782.8938,809.0842,785.31134,842.9304,1094.762
1533222561,754.68866,803.44324,773.6264,733.3333,730.9158
1533222561,760.32965,798.20514,777.6557,666.8498,353.7729
1533222561,814.3223,806.6667,796.1905,774.0293,631.79486
1533222561,835.2747,799.81683,796.5934,890.4762,1073.4066
1533222561,813.91943,803.8461,793.36993,870.7326,963.4066
1533222561,783.69965,807.0696,795.78754,763.5531,711.5751
1533222561,780.4762,792.1612,795.78754,683.36993,517.76556
1533222561,820.7692,790.14655,805.05493,771.6117,571.75824
1533222561,840.5128,799.41394,812.3077,894.10254,847.76556
1533222561,821.978,805.8608,808.68134,897.72894,1001.685
1533222561,787.72894,801.02563,801.02563,805.8608,971.8681
1533222561,770,792.5641,799.81683,698.68134,637.03296
1533222561,808.68134,795.78754,809.4872,763.1502,501.24542
1533222561,840.5128,804.2491,807.0696,905.38464,889.67035
1533222561,815.9341,796.5934,806.6667,916.26373,1265.6044
1533222561,777.25275,797.3993,809.4872,819.9634,990.40295
1533222561,757.9121,801.8315,800.6227,705.9341,482.71063
1533222561,787.72894,805.8608,803.8461,743.4066,475.05493
1533222561,821.5751,805.8608,806.6667,879.19415,925.9341
1533222561,803.8461,796.99634,796.5934,901.75824,1085.4945
1533222561,768.7912,786.52014,794.17584,813.91943,841.31866
1533222561,747.4359,778.0586,796.5934,693.8461,582.23444
1533222561,784.10254,787.326,806.26373,713.5897,660.40295
1533222561,832.0513,804.2491,801.4286,860.65936,944.0659
1533222561,824.7985,813.91943,790.14655,907.3993,1019.011
1533222561,786.52014,816.337,808.2784,837.6923,1014.17584
1533222561,759.5238,806.6667,809.4872,718.022,805.05493
1533222561,785.7143,804.2491,794.57874,703.91943,476.66666
1533222561,839.707,808.2784,808.2784,846.9597,757.1062
1533222561,839.707,799.011,816.337,915.4579,1108.8645
1533222561,798.60803,803.8461,806.26373,848.1685,979.92676
1533222561,772.01465,811.9048,812.71063,724.4689,616.08057
1533222561,788.1319,808.68134,809.0842,693.0403,450.87912
1533222561,835.6777,811.50183,796.99634,825.2015,840.5128
1533222561,832.8571,807.8755,795.78754,899.34064,1109.2675
1533222561,794.57874,803.0403,797.3993,846.55676,998.86444
1533222561,766.3736,807.8755,801.02563,733.3333,756.30035
1533222561,773.22345,796.99634,800.2198,687.3993,724.0659
1533222561,818.3516,792.1612,801.8315,807.47253,895.7143
1533222561,827.619,810.293,803.8461,902.1612,996.04395
1533222561,798.60803,814.3223,800.6227,863.47986,1024.652
1533222561,761.9414,799.81683,791.75824,751.06226,787.326
1533222561,765.56775,795.78754,797.3993,679.34064,435.9707
1533222561,815.5311,791.3553,805.05493,783.2967,570.9524
1533222561,836.08057,792.1612,799.81683,904.17584,996.4469
1533222561,808.2784,790.9524,798.60803,885.64105,1066.5568
1533222561,774.0293,790.54944,795.38464,769.59705,846.55676
1533222561,768.3883,787.72894,789.34064,678.5348,547.5824
1533222561,816.7399,794.17584,801.4286,772.4176,726.8865
1533222561,838.49817,803.0403,808.68134,902.5641,1207.1794
1533222561,811.50183,806.6667,803.44324,888.86444,1088.7179
1533222561,780.4762,803.44324,795.78754,782.0879,753.47986
1533222561,768.3883,797.8022,786.9231,683.7729,492.38095
1533222561,811.0989,805.4579,790.9524,754.68866,474.24908
1533222561,842.52747,811.50183,803.8461,889.67035,805.05493
1533222561,819.9634,808.68134,805.4579,899.7436,1021.4286
1533222561,788.1319,810.293,804.2491,803.0403,882.4176
1533222561,769.19415,792.5641,798.20514,683.7729,499.6337
1533222561,800.6227,783.69965,779.67035,727.28937,535.89746
1533222561,845.7509,802.6374,791.75824,871.9414,957.76556
1533222561,830.4396,803.0403,800.2198,898.1319,1260.3663
1533222561,788.93774,799.011,800.2198,807.8755,1038.7546
1533222561,760.32965,790.54944,807.0696,686.5934,547.98535
1533222561,781.28204,793.36993,802.6374,705.5311,547.98535
1533222561,824.7985,813.91943,804.65204,847.76556,923.1135
1533222561,812.3077,807.47253,808.68134,889.2674,1034.7252
1533222561,772.4176,793.36993,801.8315,809.4872,879.59705
1533222561,752.674,789.34064,786.1172,693.0403,599.5604
1533222561,780.07324,793.7729,776.04395,696.26373,487.54578
1533222561,831.2454,794.17584,792.1612,837.6923,762.74725
1533222561,822.381,792.5641,809.89014,899.7436,1027.4725
1533222561,783.69965,801.02563,799.41394,844.1392,1145.1282
1533222561,755.89746,806.6667,794.17584,725.2747,905.38464
1533222561,769.59705,806.6667,805.05493,687.3993,467.39926
1533222561,823.1868,805.05493,803.8461,824.7985,665.2381
1533222561,823.5897,807.0696,796.99634,901.75824,1058.9011
1533222561,791.75824,803.0403,801.8315,844.5421,976.30035
1533222561,761.53845,793.7729,805.4579,728.9011,616.8865
1533222561,766.77655,779.2674,790.54944,681.75824,451.68497
1533222561,816.7399,790.9524,785.7143,804.2491,733.3333
1533222561,832.8571,811.0989,794.17584,900.14655,971.4652
1533222561,806.6667,811.9048,796.1905,858.6447,902.1612
1533222561,773.22345,805.8608,798.60803,738.5714,727.6923
1533222561,773.6264,781.28204,795.78754,676.9231,712.7839
1533222561,816.7399,799.81683,785.31134,780.4762,749.85345
1533222561,828.8278,821.5751,782.0879,878.7912,872.74725
1533222561,794.17584,804.65204,792.5641,857.4359,973.0769
1533222561,763.5531,796.1905,798.60803,755.89746,801.02563
1533222561,761.13556,795.78754,792.1612,665.64105,415.0183
1533222561,801.8315,802.23444,790.54944,754.68866,464.9817
1533222561,832.8571,804.65204,791.75824,887.25275,892.0879
1533222561,813.91943,808.68134,804.2491,878.3883,1047.2161
1533222561,774.0293,807.0696,814.3223,779.2674,846.9597
1533222561,763.5531,790.14655,801.4286,682.5641,494.3956
1533222561,813.5165,788.5348,797.8022,754.2857,677.326
1533222561,840.5128,801.4286,801.8315,888.0586,1271.2454
1533222561,811.50183,810.293,808.68134,888.0586,1126.5934
1533222561,783.2967,809.89014,804.65204,792.96704,777.25275
1533222561,770,798.20514,796.99634,682.96704,554.83514
1533222561,797.8022,800.2198,801.4286,727.6923,500.43958
1533222561,830.4396,811.50183,795.78754,871.13556,810.696
1533222561,813.1135,798.60803,790.54944,894.5055,1017.3993
1533222561,781.28204,791.75824,800.2198,808.2784,925.12823
1533222561,764.7619,809.4872,810.293,699.0842,586.6667
1533222561,798.60803,799.81683,811.9048,723.663,462.16116
1533222561,842.9304,792.1612,809.0842,870.32965,856.2271
1533222561,830.4396,807.0696,802.23444,915.4579,1258.7546
1533222561,796.1905,806.6667,800.2198,833.663,1090.3297
1533222561,765.9707,796.5934,805.8608,707.1429,607.619
1533222561,795.78754,785.31134,803.8461,707.5458,450.4762
1533222561,853.00366,803.44324,807.0696,856.2271,972.674
1533222561,836.4835,815.5311,807.8755,903.7729,1183.0037
1533222561,798.60803,807.0696,798.60803,831.6484,903.7729
1533222561,775.2381,812.3077,799.011,718.4249,598.7546
1533222561,790.14655,815.9341,801.8315,700.293,419.0476
1533222561,838.49817,810.696,801.4286,832.8571,682.1612
1533222561,836.4835,814.3223,795.78754,902.1612,985.56775
1533222561,801.4286,804.2491,791.75824,850.58606,992.4176
1533222561,776.8498,799.41394,787.326,734.1392,710.7692
1533222561,787.326,808.68134,788.93774,689.41394,523.8095
1533222561,836.08057,798.20514,805.05493,810.293,697.47253
1533222561,845.7509,803.8461,800.2198,906.99634,1044.3956
1533222561,817.1429,825.2015,796.1905,872.3443,1212.8206
1533222561,785.7143,816.337,805.05493,744.61536,775.2381
1533222561,788.5348,792.5641,796.99634,676.1172,367.87546
1533222561,839.304,807.47253,796.99634,790.14655,647.9121
1533222561,847.76556,820.3663,811.9048,890.07324,965.82416
1533222561,810.293,811.9048,804.2491,861.06226,955.34796
1533222561,773.6264,807.0696,788.93774,754.68866,739.3773
1533222561,769.19415,793.7729,803.0403,673.2967,441.61172
1533222561,814.7253,799.81683,801.8315,768.7912,578.20514
1533222561,830.84247,809.4872,796.1905,889.67035,1021.4286
1533222561,795.38464,788.93774,808.68134,877.1795,1123.773
1533222561,769.19415,794.17584,807.47253,776.04395,1055.2748
1533222561,763.1502,799.41394,790.54944,673.2967,601.978
1533222561,806.26373,805.4579,800.2198,748.6447,462.96704
1533222561,839.707,809.0842,813.91943,887.6557,887.25275
1533222562,817.1429,790.14655,806.6667,895.7143,1030.2931
1533222562,783.69965,790.14655,792.96704,801.02563,836.4835
1533222562,764.7619,803.0403,788.5348,683.36993,487.54578
1533222562,796.5934,796.99634,799.81683,738.1685,540.7326
1533222562,832.4542,788.93774,803.44324,884.0293,985.56775
1533222562,815.9341,796.1905,805.05493,890.87915,1141.0989
1533222562,786.9231,800.6227,813.5165,811.0989,950.9158
1533222562,768.7912,794.57874,802.6374,702.3077,693.44324
1533222562,793.36993,801.02563,801.02563,719.6337,755.89746
1533222562,836.4835,810.293,802.23444,862.27106,876.77655
1533222562,829.6337,799.81683,788.1319,902.1612,979.12085
1533222562,794.17584,805.4579,794.17584,826.0073,980.7326
1533222562,764.7619,802.23444,808.2784,707.9487,583.44324
1533222562,788.93774,792.1612,806.26373,712.381,375.1282
1533222562,836.08057,802.6374,805.4579,859.0476,714.3956
1533222562,824.3956,809.0842,812.71063,915.8608,1033.1135
1533222562,787.72894,787.72894,814.7253,845.34796,992.01465
1533222562,766.77655,784.5055,806.26373,726.4835,691.02563
1533222562,786.9231,800.6227,792.1612,707.5458,547.5824
1533222562,832.0513,806.26373,794.9817,845.34796,988.3883
1533222562,830.84247,807.0696,805.8608,913.8461,1263.1868
1533222562,791.3553,799.011,799.011,847.3626,1019.81683
1533222562,764.35895,795.38464,794.17584,724.4689,689.81683
1533222562,778.86444,801.4286,796.5934,678.93774,464.9817
1533222562,829.2308,807.0696,797.3993,806.6667,673.69965
1533222562,836.8865,814.3223,792.96704,896.52014,946.4835
1533222562,803.8461,802.23444,792.1612,850.989,950.10986
1533222562,774.43225,805.8608,805.05493,736.55676,648.71796
1533222562,789.34064,803.0403,805.4579,679.34064,360.2198
1533222562,844.5421,795.78754,803.0403,801.02563,633.4066
1533222562,855.82416,819.5604,805.8608,910.6227,1128.2051
1533222562,820.7692,819.5604,800.2198,879.19415,1323.6263
1533222562,788.5348,803.8461,802.6374,772.4176,812.71063
1533222562,784.10254,805.8608,807.47253,694.2491,318.31503
1533222562,826.4103,813.1135,802.6374,788.1319,599.15753
1533222562,848.97437,805.8608,799.81683,902.96704,983.5531
1533222562,821.5751,795.38464,799.81683,887.25275,986.77655
1533222562,785.7143,801.02563,800.2198,784.90845,803.44324
1533222562,776.04395,799.011,799.41394,693.8461,537.9121
1533222562,819.15753,799.011,800.6227,770,519.7802
1533222562,846.1539,809.89014,798.20514,899.34064,849.7802
1533222562,815.9341,792.1612,799.81683,901.3553,1117.326
1533222562,775.2381,789.34064,802.23444,805.05493,1026.2638
1533222562,759.5238,793.7729,796.99634,692.23444,616.4835
1533222562,795.38464,788.5348,789.7436,743.00366,503.26007
1533222562,829.2308,799.41394,787.72894,884.43225,889.67035
1533222562,811.0989,797.8022,799.011,901.75824,1337.7289
1533222562,772.01465,784.5055,805.05493,806.6667,1083.4799
1533222562,753.47986,784.90845,804.65204,694.65204,466.1905
1533222562,794.17584,782.49084,809.4872,734.5421,389.6337
1533222562,833.663,807.0696,804.65204,873.95605,793.7729
1533222562,815.5311,823.5897,798.20514,899.34064,1010.9524
1533222562,780.87915,804.65204,802.23444,819.5604,866.30035
1533222562,763.5531,814.3223,809.0842,705.12823,630.58606
1533222562,793.36993,815.9341,809.4872,713.9927,628.1685
1533222562,834.87177,820.3663,803.44324,855.42126,847.76556
1533222562,825.6044,813.1135,790.54944,902.96704,983.95605
1533222562,782.0879,796.1905,788.1319,827.2161,1059.7069
1533222562,757.1062,804.65204,792.96704,712.381,782.8938
1533222562,777.6557,805.05493,792.5641,695.05493,416.2271
1533222562,826.0073,807.0696,794.9817,832.0513,729.304
1533222562,824.7985,813.5165,792.96704,906.1905,1152.381
1533222562,782.49084,803.0403,800.6227,844.5421,1073.0037
1533222562,751.4652,795.38464,807.0696,727.28937,676.9231
1533222562,763.95605,790.54944,802.6374,691.4286,462.96704
1533222562,815.12823,790.14655,800.6227,826.0073,880.80585
1533222562,822.381,804.2491,796.99634,912.23444,1158.022
1533222562,788.5348,811.0989,798.60803,863.0769,967.03296
1533222562,755.4945,793.36993,801.8315,747.03296,644.68866
1533222562,761.9414,786.1172,796.1905,689.011,534.68866
1533222562,813.5165,799.41394,800.2198,797.3993,618.9011
1533222562,823.5897,806.26373,813.91943,897.72894,878.7912
1533222562,790.14655,801.4286,804.65204,869.92676,1009.34064
1533222562,765.16486,794.17584,794.17584,758.315,735.34796
1533222562,767.1795,787.72894,797.3993,682.5641,354.9817
1533222562,813.91943,800.2198,801.4286,786.1172,504.8718
1533222562,837.6923,816.7399,811.9048,900.54944,1011.3553
1533222562,812.71063,806.26373,810.696,886.04395,1142.3077
1533222562,782.49084,807.47253,804.65204,780.87915,909.011
1533222562,775.64105,806.26373,807.8755,686.99634,494.3956
1533222562,823.5897,794.9817,808.68134,768.7912,603.5897
1533222562,847.3626,814.7253,815.5311,891.685,1088.7179
1533222562,821.978,821.978,813.91943,886.4469,1018.20514
1533222562,787.326,809.4872,799.011,786.1172,740.58606
1533222562,772.01465,801.8315,793.7729,682.96704,475.05493
1533222562,809.0842,798.60803,794.9817,743.8095,464.1758
1533222562,839.304,806.6667,805.4579,882.01465,819.15753
1533222562,823.5897,805.4579,811.50183,903.36993,1043.9927
1533222562,784.90845,801.8315,798.20514,807.0696,961.79486
1533222562,760.7326,806.6667,789.7436,689.81683,675.31134
1533222562,795.78754,802.23444,794.57874,728.0952,608.4249
1533222562,830.4396,796.5934,803.44324,867.50916,926.7399
1533222562,814.7253,799.41394,807.0696,904.57874,1297.8389
1533222562,777.25275,809.0842,800.2198,817.5458,1143.5165
1533222562,751.06226,795.38464,791.75824,693.44324,546.77655
1533222562,776.04395,784.10254,793.7729,710.7692,377.94873
1533222562,819.5604,799.41394,796.1905,850.989,728.49817
1533222562,811.0989,801.4286,791.75824,897.72894,991.6117
1533222562,779.67035,797.8022,796.5934,824.3956,941.2454
1533222562,759.92676,796.99634,806.26373,705.5311,624.5421
1533222562,779.2674,799.41394,801.02563,695.05493,392.85715
1533222562,828.022,801.4286,801.8315,839.304,723.2601
1533222562,828.8278,801.4286,808.2784,903.7729,1055.6776
1533222562,796.99634,807.47253,802.6374,847.3626,1064.1392
1533222562,765.9707,803.44324,796.99634,730.9158,876.77655
1533222562,786.1172,790.9524,798.20514,686.5934,481.50183
1533222562,840.10986,805.4579,804.65204,813.91943,693.44324
1533222562,836.8865,819.5604,801.8315,903.36993,1178.1685
1533222562,794.9817,811.9048,796.99634,850.58606,1114.1025
1533222562,763.95605,805.4579,796.99634,726.08057,689.011
1533222562,773.6264,796.99634,787.326,674.10254,406.15384
1533222562,815.12823,803.8461,791.75824,790.9524,653.95605
1533222562,821.978,814.7253,799.81683,885.2381,996.4469
1533222562,795.38464,807.8755,800.6227,853.8095,1053.663
1533222562,766.3736,804.2491,802.23444,746.63007,855.82416
1533222562,761.9414,809.0842,790.9524,674.90845,713.1868
1533222562,804.65204,815.9341,789.7436,774.43225,780.87915
1533222562,828.022,814.3223,802.6374,888.46155,960.18317
1533222562,796.99634,794.17584,803.0403,868.315,1035.9341
1533222562,756.7033,784.10254,796.5934,759.12085,811.0989
1533222562,751.4652,785.31134,792.96704,675.7143,497.61905
1533222562,796.5934,788.1319,786.9231,757.50916,610.0366
1533222562,821.5751,792.1612,788.93774,884.0293,971.4652
1533222562,805.4579,797.3993,790.14655,887.25275,1127.8022
1533222562,771.6117,788.93774,788.5348,790.14655,859.85345
1533222562,753.8828,787.72894,798.20514,691.4286,483.9194
1533222562,789.34064,799.41394,804.65204,754.2857,689.81683
1533222562,821.978,794.57874,809.4872,888.0586,1159.2307
1533222562,807.8755,798.60803,815.12823,904.57874,1099.597
1533222562,778.46155,801.4286,803.0403,815.5311,852.6007
1533222562,755.4945,792.96704,793.36993,702.3077,554.43225
1533222562,797.3993,801.8315,792.96704,744.61536,493.1868
1533222562,840.9158,799.81683,797.8022,878.7912,823.9927
1533222562,826.8132,802.23444,811.50183,903.36993,1025.4579
1533222562,787.326,799.011,798.60803,816.7399,895.31134
1533222562,758.315,792.96704,781.28204,694.2491,545.9707
1533222562,788.1319,798.60803,785.31134,708.7546,446.84982
1533222562,828.022,805.4579,797.8022,850.18317,848.1685
1533222562,819.5604,796.5934,795.38464,900.54944,1343.37
1533222562,794.17584,797.3993,785.31134,818.7546,1175.348
1533222562,774.0293,807.0696,797.8022,696.6667,540.32965
1533222562,796.99634,809.0842,807.47253,688.60803,336.4469
1533222562,841.31866,821.1722,806.26373,836.4835,684.17584
1533222562,837.28937,821.1722,799.41394,908.20514,920.696
1533222562,800.6227,799.011,794.9817,842.9304,874.35895
1533222562,774.83514,794.57874,799.81683,724.87177,613.2601
1533222562,790.14655,808.68134,795.78754,698.2784,386.41025
1533222562,833.663,811.0989,797.8022,831.2454,619.707
1533222562,827.619,796.5934,811.0989,904.9817,936.0073
1533222562,792.1612,807.8755,810.696,857.03296,1000.4762
1533222562,767.98535,815.5311,806.6667,743.00366,772.8205
1533222562,778.46155,795.78754,810.293,688.60803,527.4359
1533222562,826.8132,812.3077,814.7253,807.8755,676.1172
1533222562,834.0659,813.91943,809.0842,902.5641,1068.9744
1533222562,803.8461,806.26373,799.011,862.674,1205.9707
1533222562,783.2967,819.5604,794.9817,746.2271,757.50916
1533222562,783.2967,803.0403,794.57874,678.1319,429.5238
1533222562,817.1429,796.5934,801.4286,782.8938,626.9597
1533222562,830.84247,805.05493,805.8608,888.46155,923.91943
1533222562,804.2491,799.81683,799.81683,864.2857,990
1533222562,772.8205,795.78754,794.57874,760.7326,828.022
1533222562,766.77655,786.52014,785.7143,678.93774,628.5714
1533222562,806.6667,791.3553,788.93774,762.74725,661.2088
1533222562,828.8278,796.1905,809.0842,886.4469,942.4542
1533222562,803.8461,793.36993,806.6667,884.83514,1070.989
1533222562,771.6117,786.52014,796.5934,787.72894,1076.63
1533222562,763.5531,783.69965,798.60803,684.57874,646.30035
1533222562,806.26373,783.69965,803.8461,751.4652,462.96704
1533222562,835.2747,791.3553,810.293,883.6264,872.3443
1533222562,821.5751,804.2491,813.91943,888.86444,1006.52014
1533222562,782.8938,793.7729,801.4286,789.34064,771.2088
1533222562,761.53845,792.5641,792.96704,678.93774,408.57144
1533222562,805.8608,796.1905,798.20514,728.9011,422.27106
1533222562,838.0952,783.2967,792.5641,869.92676,890.07324
1533222562,813.91943,800.6227,793.36993,894.10254,1152.7839
1533222562,786.9231,811.0989,783.2967,809.4872,933.9927
1533222562,762.3443,788.93774,792.96704,698.68134,655.56775
1533222562,780.4762,801.8315,811.9048,710.7692,648.71796
1533222562,825.2015,819.5604,811.9048,840.9158,793.36993
1533222562,826.4103,805.05493,814.3223,886.04395,952.52747
1533222562,790.9524,805.05493,801.8315,815.9341,985.16486
1533222562,758.315,800.6227,790.9524,693.8461,672.0879
1533222562,780.4762,801.4286,796.99634,695.05493,428.71796
1533222562,834.4689,817.1429,800.6227,848.97437,745.42126
1533222562,833.663,803.0403,787.326,909.81683,1116.5201
1533222562,794.9817,786.1172,799.011,840.10986,1057.6923
1533222562,768.7912,801.02563,806.26373,721.2454,692.6374
1533222562,780.87915,813.5165,798.60803,693.44324,460.1465
1533222562,817.9487,811.0989,797.8022,830.84247,869.12085
1533222562,820.3663,817.9487,799.81683,909.81683,1105.641
1533222562,788.5348,807.0696,810.293,848.5714,936.8132
1533222562,759.92676,790.9524,803.8461,728.9011,667.6557
1533222562,769.59705,795.38464,791.3553,683.36993,402.9304
1533222562,809.4872,790.9524,781.685,801.02563,604.7985
1533222562,823.5897,788.93774,792.96704,899.34064,964.61536
1533222562,794.17584,797.3993,797.8022,855.42126,1135.4579
1533222562,751.8681,796.1905,797.8022,733.73627,894.90845
1533222562,764.7619,785.31134,795.38464,674.90845,534.2857
1533222562,823.1868,805.8608,786.52014,779.67035,693.0403
1533222562,839.304,805.8608,795.78754,889.2674,1118.5348
1533222562,811.9048,787.72894,803.0403,870.32965,1324.0293
1533222562,774.0293,793.36993,794.17584,753.8828,848.5714
1533222562,769.59705,794.17584,791.3553,669.67035,375.93405
1533222562,813.5165,802.23444,799.41394,760.7326,583.8461
1533222562,830.0366,808.2784,796.5934,882.8205,955.34796
1533222562,799.81683,805.8608,792.5641,875.16486,998.46155
1533222562,761.53845,789.34064,800.6227,769.59705,792.1612
1533222562,747.8388,781.28204,804.2491,674.5055,508.09525
1533222562,797.3993,797.3993,801.8315,744.61536,541.9414
1533222562,834.4689,796.5934,798.20514,877.98535,973.47986
1533222562,818.3516,797.8022,798.20514,893.2967,1238.2051
1533222562,786.52014,799.81683,803.8461,808.68134,1279.7069
1533222562,766.77655,804.2491,799.41394,690.6227,825.2015
1533222562,805.4579,801.8315,789.34064,725.6777,461.35532
1533222562,840.9158,788.5348,796.1905,870.32965,767.98535
1533222562,822.7839,800.2198,798.20514,895.7143,1035.1282
1533222562,792.5641,810.293,797.3993,807.8755,853.4066
1533222562,780.87915,799.41394,809.4872,693.8461,478.27838
1533222562,811.0989,804.2491,809.0842,718.8278,431.13553
1533222562,839.707,817.5458,802.6374,862.27106,794.9817
1533222562,823.9927,796.99634,803.8461,902.5641,1038.3517
1533222562,789.7436,799.81683,802.6374,826.0073,990
1533222562,764.35895,800.6227,794.9817,710.3663,768.7912
1533222562,789.7436,797.8022,796.5934,713.1868,694.2491
1533222562,826.8132,813.1135,797.8022,847.76556,783.2967
1533222562,816.337,797.8022,806.26373,898.5348,992.01465
1533222562,783.69965,788.1319,812.71063,827.619,1049.6337
1533222562,761.13556,789.34064,805.05493,705.5311,669.67035
1533222562,777.6557,794.57874,797.8022,683.7729,391.64835
1533222562,813.91943,794.17584,803.8461,817.1429,708.3516
1533222562,811.50183,800.6227,800.6227,889.2674,1080.2565
1533222562,783.69965,786.52014,799.41394,840.10986,1027.8755
1533222562,756.7033,778.46155,796.99634,730.9158,666.8498
1533222562,765.16486,801.02563,790.14655,687.8022,520.989
1533222562,813.5165,794.17584,794.17584,811.0989,985.16486
1533222562,822.7839,796.1905,800.6227,903.36993,1161.6483
1533222562,788.1319,805.4579,801.4286,858.6447,987.5824
1533222562,752.674,788.1319,807.47253,745.82416,738.97437
1533222562,764.7619,784.90845,803.44324,687.3993,447.65567
1533222562,815.12823,807.47253,800.2198,794.9817,639.45056
1533222562,824.3956,804.2491,807.0696,897.326,1016.1905
1533222562,796.5934,800.2198,790.9524,874.35895,1095.1648
1533222562,760.7326,799.011,784.10254,762.74725,863.8828
1533222562,759.92676,789.34064,806.26373,680.14655,434.35898
1533222562,811.50183,799.81683,808.68134,772.8205,454.5055
1533222562,828.8278,801.4286,804.65204,886.8498,945.6777
1533222562,797.3993,795.78754,793.7729,881.2088,1132.2344
1533222562,768.7912,801.8315,789.7436,777.6557,805.8608
1533222562,768.7912,802.6374,798.60803,681.75824,382.38095
1533222562,818.3516,805.4579,799.41394,759.5238,543.1502
1533222562,850.989,815.9341,790.14655,887.25275,984.7619
1533222562,819.15753,808.68134,790.9524,889.67035,1011.3553
1533222562,781.685,805.4579,801.8315,793.7729,822.7839
1533222562,762.74725,806.26373,803.0403,686.5934,539.12085
1533222562,799.81683,796.5934,800.2198,745.42126,505.27472
1533222562,836.8865,802.6374,802.23444,877.1795,823.9927
1533222563,821.5751,810.293,804.2491,893.2967,1037.5458
1533222563,790.54944,792.1612,805.8608,814.3223,1187.033
1533222563,764.35895,790.14655,803.0403,694.2491,798.60803
1533222563,790.14655,799.41394,795.38464,718.4249,414.21246
1533222563,836.08057,809.0842,787.326,864.68866,791.3553
1533222563,826.4103,813.1135,794.9817,901.3553,1168.9011
1533222563,778.0586,804.2491,814.7253,815.12823,938.4249
1533222563,757.50916,804.2491,810.696,695.05493,508.9011
1533222563,788.1319,803.44324,800.2198,698.68134,429.5238
1533222563,825.6044,796.99634,802.23444,838.9011,788.93774
1533222563,821.1722,809.4872,808.68134,895.7143,1068.9744
1533222563,794.9817,807.47253,806.26373,829.6337,927.1429
1533222563,772.4176,793.7729,802.23444,715.6044,627.3626
1533222563,792.1612,803.0403,799.41394,700.293,556.4469
1533222563,843.3333,811.9048,801.4286,831.6484,787.326
1533222563,850.58606,813.5165,804.65204,905.38464,1112.4908
1533222563,815.9341,797.8022,786.52014,841.31866,1149.9634
1533222563,780.87915,792.96704,782.49084,720.4396,729.707
1533222563,786.1172,823.9927,805.05493,688.60803,383.58975
1533222563,822.7839,821.5751,809.89014,811.50183,588.68134
1533222563,825.2015,803.0403,806.6667,899.7436,993.6264
1533222563,794.17584,805.05493,803.44324,859.0476,1010.9524
1533222563,760.7326,795.78754,793.7729,744.21246,641.06226
1533222563,766.3736,788.1319,790.54944,683.36993,350.9524
1533222563,822.381,793.36993,802.23444,804.2491,734.94507
1533222563,842.1245,799.81683,814.7253,916.26373,1368.3517
1533222563,813.1135,807.8755,812.3077,885.2381,1309.5238
1533222563,779.67035,804.65204,806.26373,780.07324,786.52014
1533222563,772.8205,796.1905,814.7253,699.89014,530.65936
1533222563,822.7839,802.23444,820.3663,789.7436,652.3443
1533222563,845.34796,821.1722,821.978,908.60803,884.83514
1533222563,808.2784,811.50183,816.7399,889.67035,1028.2784
1533222563,772.01465,789.34064,796.99634,784.10254,885.64105
1533222563,767.98535,790.54944,796.1905,689.41394,468.60806
1533222563,815.12823,798.20514,802.23444,761.9414,469.4139
1533222563,842.52747,806.26373,810.696,894.10254,830.0366
1533222563,819.5604,809.89014,819.9634,900.14655,973.47986
1533222563,784.10254,804.65204,805.05493,802.6374,868.315
1533222563,771.6117,804.2491,796.5934,699.89014,536.7033
1533222563,819.5604,799.011,799.41394,752.27106,584.2491
1533222563,856.63007,812.3077,800.2198,890.07324,1062.9304
1533222563,832.8571,814.3223,810.293,909.41394,1070.1831
1533222563,796.5934,801.4286,806.26373,820.7692,853.8095
1533222563,774.0293,800.6227,792.1612,704.7253,539.5238
1533222563,806.26373,810.293,794.17584,729.304,436.37363
1533222563,848.97437,819.9634,805.8608,868.315,733.73627
1533222563,833.2601,807.0696,809.4872,901.75824,954.94507
1533222563,797.3993,794.57874,811.9048,826.0073,995.64105
1533222563,773.22345,803.8461,802.6374,709.5604,638.24176
1533222563,803.0403,806.26373,792.1612,716.8132,503.26007
1533222563,851.39197,806.26373,792.1612,861.06226,922.3077
1533222563,839.304,804.2491,797.8022,912.6374,1285.751
1533222563,799.81683,794.57874,796.1905,836.4835,1072.6007
1533222563,772.01465,804.65204,789.7436,709.9634,541.53845
1533222563,789.34064,812.3077,789.7436,694.65204,404.5421
1533222563,840.10986,801.8315,792.96704,838.49817,738.97437
1533222563,839.707,811.0989,786.9231,906.5934,1011.3553
1533222563,805.05493,807.0696,787.72894,846.9597,970.65936
1533222563,778.86444,801.8315,798.60803,737.76556,668.46155
1533222563,786.52014,807.0696,803.8461,699.4872,479.08426
1533222563,830.4396,815.12823,802.6374,819.9634,685.78754
1533222563,833.663,810.696,791.3553,905.78754,1046.0073
1533222563,803.0403,796.5934,793.7729,865.4945,1122.967
1533222563,779.67035,798.20514,800.6227,751.4652,722.0513
1533222563,786.9231,797.3993,800.2198,692.6374,370.29303
1533222563,834.0659,785.7143,801.4286,805.8608,597.9487
1533222563,842.52747,792.96704,804.65204,904.57874,1040.7693
1533222563,799.81683,806.26373,795.38464,865.89746,1085.8975
1533222563,767.1795,803.0403,790.14655,754.68866,759.92676
1533222563,774.0293,790.9524,794.17584,679.7436,417.03296
1533222563,819.9634,790.9524,794.17584,781.685,761.9414
1533222563,838.9011,803.8461,800.2198,902.96704,1296.63
1533222563,807.47253,810.293,797.8022,874.35895,1100.403
1533222563,774.43225,802.23444,792.1612,758.315,838.0952
1533222563,766.77655,795.78754,803.0403,674.90845,803.8461
1533222563,805.05493,804.65204,803.8461,751.06226,786.9231
1533222563,832.4542,796.1905,805.8608,873.1502,853.00366
1533222563,803.44324,782.8938,811.0989,876.77655,1014.17584
1533222563,774.0293,788.5348,808.2784,783.2967,975.09155
1533222563,767.1795,791.3553,796.99634,675.7143,469.4139
1533222563,802.23444,790.14655,785.7143,728.49817,397.28937
1533222563,829.2308,800.2198,787.72894,860.2564,821.978
1533222563,805.05493,802.6374,803.0403,873.95605,1007.72894
1533222563,766.77655,791.3553,807.8755,781.685,842.1245
1533222563,752.674,795.78754,804.65204,670.87915,484.72528
1533222563,790.9524,792.5641,789.34064,709.9634,537.1062
1533222563,834.0659,792.5641,788.1319,853.4066,961.39197
1533222563,823.1868,807.0696,810.293,889.2674,1060.9158
1533222563,786.1172,796.5934,820.3663,813.91943,910.2198
1533222563,763.5531,809.4872,816.337,702.71063,770.40295
1533222563,796.99634,819.15753,801.8315,712.7839,708.7546
1533222563,840.9158,818.7546,796.5934,852.1978,810.293
1533222563,823.9927,808.2784,801.02563,900.14655,1013.36993
1533222563,785.7143,800.2198,796.1905,830.84247,996.8498
1533222563,762.74725,803.44324,782.8938,713.5897,654.7619
1533222563,778.46155,808.2784,788.5348,693.44324,414.21246
1533222563,823.1868,811.0989,805.8608,833.663,705.5311
1533222563,820.7692,807.47253,804.65204,903.7729,1174.9451
1533222563,790.14655,796.99634,799.011,841.31866,1096.3737
1533222563,765.9707,793.7729,803.44324,726.08057,599.15753
1533222563,784.5055,799.011,806.26373,692.23444,360.6227
1533222563,836.8865,802.6374,805.05493,828.8278,845.34796
1533222563,836.08057,810.696,802.23444,909.011,1069.3773
1533222563,803.8461,811.0989,802.23444,858.6447,880.40295
1533222563,775.2381,785.31134,791.3553,744.61536,693.44324
1533222563,781.28204,793.36993,790.14655,692.23444,510.1099
1533222563,821.5751,809.89014,799.41394,808.2784,596.7399
1533222563,835.6777,804.65204,796.5934,902.1612,896.9231
1533222563,807.47253,797.3993,791.3553,864.68866,1000.87915
1533222563,764.35895,785.31134,795.38464,753.8828,812.71063
1533222563,764.7619,804.2491,809.0842,689.41394,541.53845
1533222563,812.71063,817.1429,807.8755,786.9231,567.326
1533222563,829.2308,805.4579,782.8938,892.49084,1007.72894
1533222563,807.8755,804.65204,796.5934,875.9707,1257.1428
1533222563,775.2381,794.57874,822.381,766.77655,833.663
1533222563,764.7619,785.31134,813.91943,669.67035,450.87912
1533222563,807.47253,795.78754,804.65204,753.8828,605.2015
1533222563,838.0952,796.99634,807.0696,885.64105,967.8388
1533222563,809.4872,800.6227,793.7729,876.77655,1066.5568
1533222563,768.3883,806.6667,788.5348,779.2674,941.2454
1533222563,759.12085,783.2967,799.011,680.54944,681.3553
1533222563,796.5934,782.49084,802.23444,738.1685,663.6264
1533222563,830.0366,797.3993,810.293,872.74725,1005.7143
1533222563,807.8755,802.6374,814.7253,882.8205,1126.1904
1533222563,769.59705,792.96704,817.1429,792.5641,1087.1062
1533222563,751.8681,784.5055,818.3516,682.1612,712.7839
1533222563,789.7436,787.326,809.4872,721.6484,479.08426
1533222563,826.8132,791.75824,809.0842,862.27106,873.5531
1533222563,798.60803,784.90845,821.1722,888.0586,1112.8938
1533222563,760.7326,776.8498,826.8132,809.4872,896.52014
1533222563,736.9597,776.8498,822.381,697.0696,533.0769
1533222563,766.3736,772.8205,817.9487,709.5604,474.652
1533222563,810.696,779.67035,809.0842,852.6007,803.8461
1533222563,801.8315,784.10254,807.8755,906.1905,1046.4103
1533222563,764.35895,784.90845,818.3516,836.08057,967.4359
1533222563,742.1978,778.0586,821.5751,722.8571,760.7326
1533222563,774.0293,780.87915,819.9634,716.8132,572.5641
1533222563,817.5458,792.96704,808.2784,848.97437,655.9707
1533222563,815.5311,779.67035,807.47253,912.23444,925.9341
1533222563,785.31134,780.07324,807.47253,855.0183,1039.1575
1533222563,754.2857,794.17584,796.99634,737.76556,669.2674
1533222563,771.2088,799.011,804.65204,698.68134,343.69965
1533222563,819.15753,796.99634,817.1429,821.5751,640.2564
1533222563,823.1868,792.96704,819.15753,908.60803,1156.8132
1533222563,795.38464,794.17584,808.2784,852.1978,1276.0806
1533222563,757.1062,792.5641,807.8755,728.9011,821.5751
1533222563,765.9707,791.75824,813.5165,687.3993,557.6557
1533222563,813.91943,792.5641,810.293,807.47253,891.28204
1533222563,817.5458,792.1612,811.9048,903.36993,1087.5092
1533222563,788.5348,788.93774,809.0842,869.92676,1027.8755
1533222563,760.7326,794.17584,803.0403,761.9414,783.2967
1533222563,765.16486,805.8608,796.5934,694.2491,511.72162
1533222563,813.5165,795.38464,797.3993,795.78754,621.31866
1533222563,836.4835,776.04395,805.8608,908.20514,882.8205
1533222563,817.1429,783.69965,807.47253,892.8938,952.9304
1533222563,777.25275,795.38464,810.293,782.49084,726.4835
1533222563,767.5824,784.5055,804.65204,687.8022,439.59708
1533222563,811.50183,787.326,805.4579,770.80585,621.31866
1533222563,834.87177,799.011,806.6667,898.1319,1085.0916
1533222563,811.0989,797.3993,792.1612,895.31134,1244.652
1533222563,771.6117,799.81683,798.60803,797.3993,834.87177
1533222563,757.9121,795.78754,815.9341,708.3516,400.51282
1533222563,807.47253,794.9817,813.91943,773.22345,514.1392
1533222563,844.5421,809.0842,803.0403,898.93774,935.2015
1533222563,824.7985,811.50183,808.2784,904.9817,1059.3041
1533222563,789.7436,792.96704,805.05493,810.293,853.00366
1533222563,776.04395,789.7436,806.26373,708.7546,626.1539
1533222563,803.44324,795.38464,807.0696,735.7509,535.4945
1533222563,833.663,797.3993,790.14655,858.6447,794.17584
1533222563,819.15753,798.20514,792.96704,890.4762,1093.956
1533222563,784.90845,776.4469,807.47253,819.15753,1137.4725
1533222563,765.9707,790.14655,791.3553,702.3077,699.0842
1533222563,793.36993,814.3223,793.7729,717.619,415.42123
1533222563,828.4249,812.3077,803.0403,860.2564,745.0183
1533222563,811.50183,807.0696,804.65204,897.72894,1004.5055
1533222563,773.6264,806.26373,800.6227,822.7839,917.47253
1533222563,749.0476,798.60803,792.5641,708.7546,573.36993
1533222563,774.83514,805.8608,794.57874,705.5311,471.42856
1533222563,820.7692,814.3223,795.78754,844.94507,823.5897
1533222563,811.50183,800.6227,801.02563,903.36993,1097.1794
1533222563,779.67035,797.3993,801.8315,831.2454,926.337
1533222563,759.5238,796.5934,796.1905,715.2015,752.27106
1533222563,777.25275,792.1612,793.36993,696.6667,843.73627
1533222563,823.1868,794.9817,794.17584,821.978,863.47986
1533222563,826.4103,802.23444,802.23444,900.14655,974.68866
1533222563,790.54944,799.41394,799.41394,848.97437,1059.3041
1533222563,756.30035,786.1172,777.6557,734.1392,731.7216
1533222563,763.95605,777.6557,779.67035,686.99634,378.75458
1533222563,814.3223,792.1612,802.6374,804.65204,591.0989
1533222563,824.3956,798.20514,805.4579,892.49084,984.35895
1533222563,791.75824,799.011,804.65204,857.03296,1004.10254
1533222563,759.5238,802.23444,803.0403,751.06226,678.93774
1533222563,767.98535,795.78754,801.4286,691.4286,466.1905
1533222563,822.381,790.54944,791.3553,808.2784,775.64105
1533222563,838.9011,799.41394,789.7436,905.78754,1009.34064
1533222563,817.9487,799.011,813.1135,873.1502,975.4945
1533222563,784.5055,780.07324,805.05493,769.59705,738.97437
1533222563,776.8498,788.93774,787.72894,696.26373,605.2015
1533222563,828.022,802.23444,805.8608,786.1172,664.83514
1533222563,850.989,805.05493,815.12823,898.1319,809.89014
1533222563,821.1722,813.5165,797.8022,884.43225,938.022
1533222563,786.1172,807.0696,797.8022,786.52014,756.30035
1533222563,775.64105,798.60803,803.44324,694.2491,418.64468
1533222563,807.0696,799.011,806.6667,757.50916,469.011
1533222563,840.10986,805.8608,806.26373,880.40295,853.4066
1533222563,826.8132,810.696,801.02563,885.64105,1097.1794
1533222563,784.10254,797.8022,800.2198,794.57874,954.1392
1533222563,758.71796,794.17584,799.41394,691.4286,529.0476
1533222563,801.8315,801.02563,798.20514,735.34796,487.54578
1533222563,839.304,805.4579,798.20514,866.7033,885.2381
1533222563,820.7692,807.8755,806.6667,885.64105,945.6777
1533222563,785.31134,801.02563,799.011,806.6667,792.96704
1533222563,752.27106,792.1612,787.72894,698.2784,649.92676
1533222563,774.43225,794.17584,798.60803,712.381,558.86444
1533222563,811.50183,796.5934,806.6667,842.9304,817.1429
1533222563,797.8022,794.9817,816.337,877.98535,1011.75824
1533222563,768.3883,788.1319,824.7985,814.7253,1064.5421
1533222563,739.3773,775.2381,807.47253,713.1868,1000.07324
1533222563,762.74725,780.07324,802.6374,706.337,639.0476
1533222563,814.3223,785.7143,819.5604,828.8278,766.77655
1533222563,805.4579,781.685,826.4103,881.6117,1171.3187
1533222563,768.7912,782.0879,820.7692,823.1868,979.5238
1533222563,746.63007,780.4762,818.7546,724.0659,546.77655
1533222563,776.4469,780.07324,821.1722,710.7692,486.73993
1533222563,821.978,792.5641,818.7546,828.8278,848.5714
1533222563,815.5311,797.8022,811.50183,886.04395,992.4176
1533222563,787.72894,790.14655,815.9341,835.6777,924.3223
1533222563,761.9414,783.2967,824.7985,738.5714,700.696
1533222563,769.59705,788.1319,815.5311,709.15753,470.6227
1533222563,817.1429,790.9524,812.3077,819.5604,689.41394
1533222563,825.2015,785.7143,825.2015,891.28204,1009.7436
1533222563,790.14655,789.7436,817.9487,860.65936,1061.3187
1533222563,754.68866,784.10254,802.6374,769.59705,968.6447
1533222563,763.1502,778.0586,811.9048,708.3516,563.69965
1533222563,813.91943,793.7729,821.978,803.0403,581.02563
1533222563,822.381,803.44324,812.3077,893.69965,937.619
1533222563,787.326,796.99634,809.89014,866.30035,946.08057
1533222563,757.1062,794.17584,813.5165,772.8205,664.43225
1533222563,763.95605,797.8022,801.8315,705.9341,455.7143
1533222563,806.6667,803.44324,806.6667,786.1172,727.6923
1533222563,821.978,803.44324,814.3223,879.59705,921.50183
1533222563,802.6374,802.6374,797.3993,860.65936,916.26373
1533222563,776.8498,808.2784,799.41394,783.69965,879.59705
1533222563,771.2088,795.78754,804.65204,711.978,760.32965
1533222563,821.1722,797.8022,802.6374,770.40295,678.93774
1533222563,845.7509,809.4872,798.20514,875.9707,759.12085
1533222563,822.381,808.2784,784.90845,882.01465,857.03296
1533222563,792.5641,803.8461,797.3993,804.2491,761.13556
1533222563,774.43225,798.20514,805.8608,715.6044,466.1905
1533222563,810.696,796.99634,807.0696,757.9121,434.7619
1533222563,847.76556,802.6374,815.5311,871.9414,783.2967
1533222563,832.8571,807.47253,808.68134,888.46155,1036.7399
1533222563,800.6227,802.23444,793.7729,819.9634,929.15753
1533222563,775.2381,794.9817,792.5641,726.08057,650.32965
1533222563,802.23444,797.3993,803.0403,748.6447,757.50916
1533222563,842.9304,804.65204,805.4579,860.65936,1083.4799
1533222564,826.8132,799.011,799.41394,880.80585,1080.2565
1533222564,787.326,788.93774,803.8461,815.9341,896.1172
1533222564,766.3736,788.1319,803.0403,724.87177,737.76556
1533222564,800.2198,793.36993,792.5641,726.08057,624.5421
1533222564,846.1539,801.4286,790.14655,837.6923,792.96704
1533222564,836.08057,792.1612,780.07324,876.3736,930.3663
1533222564,802.23444,791.3553,784.10254,824.3956,1054.8718
1533222564,772.8205,794.57874,792.96704,739.3773,1006.52014
1533222564,780.07324,799.41394,792.1612,720.0366,601.1722
1533222564,820.7692,800.6227,801.02563,825.6044,802.6374
1533222564,826.4103,799.011,813.5165,892.8938,1225.3114
1533222564,797.8022,802.6374,821.1722,846.9597,1057.2894
1533222564,771.6117,801.02563,824.7985,758.315,657.5824
1533222564,777.25275,797.3993,823.1868,742.6007,552.4176
1533222564,821.978,788.5348,819.15753,835.6777,795.78754
1533222564,842.52747,792.96704,821.1722,904.57874,938.022
1533222564,809.89014,792.96704,824.7985,867.50916,913.8461
1533222564,770,782.8938,815.5311,773.22345,714.3956
1533222564,773.22345,776.8498,808.2784,735.7509,504.06595
1533222564,816.7399,782.0879,812.3077,817.1429,648.315
1533222564,831.2454,784.5055,812.3077,890.07324,916.26373
1533222564,798.60803,773.6264,808.2784,870.32965,1085.0916
1533222564,759.12085,769.59705,817.1429,791.3553,966.63007
1533222564,767.5824,770,822.7839,738.1685,598.3516
1533222564,821.5751,781.28204,822.7839,803.44324,621.31866
1533222564,842.52747,789.7436,824.7985,887.25275,927.1429
1533222564,817.9487,788.1319,818.3516,880.40295,993.6264
1533222564,788.1319,787.326,815.9341,807.0696,799.81683
1533222564,778.0586,782.49084,813.91943,745.82416,594.3223
1533222564,811.0989,791.3553,800.2198,793.36993,741.39197
1533222564,836.8865,793.7729,807.8755,871.9414,921.9048
1533222564,817.5458,796.5934,817.9487,865.09155,799.81683
1533222564,785.31134,799.011,805.4579,795.38464,718.022
1533222564,776.8498,788.1319,803.44324,725.6777,678.1319
1533222564,818.7546,795.38464,809.89014,762.3443,673.69965
1533222564,843.73627,805.05493,806.6667,847.76556,828.022
1533222564,808.68134,802.6374,801.8315,853.4066,952.52747
1533222564,770.40295,796.1905,807.8755,793.7729,1020.2198
1533222564,747.4359,792.1612,805.4579,716.4103,700.293
1533222564,771.2088,798.60803,794.57874,739.7802,544.7619
1533222564,810.696,809.4872,801.4286,846.1539,784.90845
1533222564,803.0403,804.65204,800.2198,867.9121,888.0586
1533222564,774.83514,791.75824,802.6374,806.6667,869.92676
1533222564,757.9121,796.5934,807.47253,732.1245,679.34064
1533222564,786.52014,795.78754,810.293,744.61536,557.6557
1533222564,829.2308,802.6374,808.2784,839.304,839.304
1533222564,826.8132,811.9048,801.4286,869.5238,1002.49084
1533222564,800.2198,805.8608,798.60803,821.978,856.63007
1533222564,780.4762,804.65204,798.20514,756.30035,717.619
1533222564,798.60803,811.50183,804.2491,756.30035,756.30035
1533222564,838.49817,821.978,803.8461,834.4689,780.87915
1533222564,838.9011,823.5897,804.2491,874.35895,859.85345
1533222564,811.50183,815.12823,796.99634,834.4689,841.31866
1533222564,784.90845,811.9048,784.5055,755.4945,613.2601
1533222564,792.96704,814.7253,801.4286,741.39197,464.57877
1533222564,833.663,811.9048,809.4872,820.7692,643.8828
1533222564,834.4689,809.89014,800.6227,867.9121,927.1429
1533222564,805.4579,811.9048,807.47253,844.1392,921.9048
1533222564,779.67035,813.1135,810.696,774.83514,730.9158
1533222564,785.7143,814.7253,797.8022,734.94507,674.5055
1533222564,827.619,808.68134,803.0403,813.5165,983.95605
1533222564,832.8571,816.7399,803.0403,871.9414,1141.0989
1533222564,813.91943,823.5897,792.5641,842.1245,934.3956
1533222564,788.5348,802.23444,789.7436,773.22345,722.4542
1533222564,772.8205,802.23444,796.5934,725.2747,538.315
1533222564,813.1135,819.15753,811.0989,786.52014,611.2454
1533222564,838.9011,823.9927,808.68134,854.61536,822.7839
1533222564,817.9487,821.1722,798.60803,841.7216,914.2491
1533222564,787.72894,820.7692,803.0403,783.69965,879.59705
1533222564,778.0586,811.50183,806.26373,733.3333,732.52747
1533222564,804.65204,803.44324,804.2491,772.8205,732.9304
1533222564,828.4249,812.71063,808.2784,846.1539,984.35895
1533222564,815.5311,811.0989,811.0989,859.0476,1205.5677
1533222564,780.4762,804.65204,803.0403,799.41394,897.326
1533222564,762.3443,805.8608,801.8315,725.2747,569.7436
1533222564,787.326,801.02563,805.05493,754.68866,727.28937
1533222564,809.89014,801.02563,810.696,831.2454,900.14655
1533222564,796.5934,802.23444,812.71063,833.663,902.1612
1533222564,766.3736,794.17584,800.2198,780.4762,844.1392
1533222564,743.8095,790.54944,804.65204,720.84247,653.1502
1533222564,760.32965,789.34064,819.9634,730.5128,610.0366
1533222564,794.17584,782.49084,816.337,810.696,802.6374
1533222564,787.72894,780.4762,811.50183,836.08057,936.0073
1533222564,758.315,776.04395,815.9341,794.17584,1077.8389
1533222564,736.55676,774.0293,828.8278,726.8865,817.9487
1533222564,753.0769,781.685,831.2454,732.1245,524.21246
1533222564,803.44324,777.6557,829.6337,824.3956,751.8681
1533222564,805.4579,777.25275,829.6337,847.76556,996.04395
1533222564,774.43225,779.67035,821.978,802.6374,869.92676
1533222564,748.6447,772.01465,819.9634,744.21246,563.69965
1533222564,765.56775,775.64105,826.0073,743.00366,532.27106
1533222564,822.7839,784.90845,834.4689,825.6044,784.90845
1533222564,826.8132,789.34064,840.5128,865.4945,894.90845
1533222564,791.3553,786.52014,835.2747,835.6777,894.90845
1533222564,762.3443,786.1172,829.6337,769.19415,913.8461
1533222564,770.80585,789.34064,830.0366,749.45056,905.78754
1533222564,814.3223,787.72894,825.2015,814.3223,788.5348
1533222564,826.4103,784.5055,822.381,860.65936,828.4249
1533222564,801.02563,781.28204,822.7839,844.94507,907.8022
1533222564,762.74725,776.8498,816.337,782.49084,722.4542
1533222564,764.7619,783.69965,822.381,749.85345,523.8095
1533222564,811.9048,785.31134,834.87177,811.9048,685.38464
1533222564,829.6337,778.0586,833.663,859.45056,921.9048
1533222564,813.1135,781.685,828.022,849.7802,936.4103
1533222564,773.6264,784.10254,824.7985,792.1612,780.4762
1533222564,757.9121,783.2967,820.3663,749.0476,724.0659
1533222564,809.0842,781.28204,817.1429,812.71063,982.3443
1533222564,832.8571,791.75824,821.5751,866.7033,974.2857
1533222564,817.9487,797.8022,823.9927,851.39197,788.93774
1533222564,790.54944,791.3553,830.4396,805.8608,722.8571
1533222564,770.40295,788.5348,830.0366,764.7619,788.5348
1533222564,803.0403,794.57874,812.3077,796.99634,727.6923
1533222564,831.6484,801.02563,814.3223,854.21246,683.7729
1533222564,821.1722,802.6374,820.3663,858.6447,816.337
1533222564,783.69965,799.41394,813.91943,809.89014,762.3443
1533222564,755.89746,802.6374,816.7399,759.92676,583.8461
1533222564,791.75824,807.0696,812.3077,782.0879,579.81683
1533222564,831.6484,802.23444,808.68134,849.3773,790.14655
1533222564,830.4396,805.05493,806.6667,860.65936,946.4835
1533222564,805.05493,809.89014,807.8755,814.3223,851.39197
1533222564,770.80585,808.2784,802.23444,761.9414,671.28204
1533222564,791.3553,807.8755,795.38464,779.67035,763.1502
1533222564,835.2747,814.7253,801.4286,844.5421,1066.1538
1533222564,832.0513,820.3663,805.8608,849.7802,919.0842
1533222564,804.2491,819.15753,798.60803,813.91943,792.1612
1533222564,768.3883,816.7399,795.78754,760.32965,738.97437
1533222564,779.2674,818.3516,807.47253,761.13556,634.61536
1533222564,825.6044,819.5604,803.0403,819.5604,739.3773
1533222564,828.8278,819.15753,802.23444,842.1245,845.7509
1533222564,799.41394,813.5165,803.0403,816.337,916.6667
1533222564,753.47986,811.9048,797.8022,761.9414,776.4469
1533222564,760.32965,812.71063,793.7729,749.85345,634.61536
1533222564,816.7399,812.71063,793.7729,809.4872,819.9634
1533222564,826.0073,817.1429,797.8022,842.9304,1145.1282
1533222564,792.5641,823.9927,794.9817,816.7399,1033.5165
1533222564,749.0476,813.5165,796.99634,765.56775,725.6777
1533222564,758.71796,801.4286,797.8022,752.674,656.3736
1533222564,807.47253,818.3516,788.5348,794.57874,744.61536
1533222564,820.3663,834.0659,794.17584,819.15753,808.68134
1533222564,790.9524,833.2601,794.57874,793.36993,776.4469
1533222564,747.03296,832.4542,792.5641,739.3773,711.978
1533222564,734.94507,833.2601,790.54944,711.5751,688.60803
1533222564,781.28204,845.7509,784.5055,754.2857,842.52747
1533222564,802.23444,848.1685,779.2674,786.52014,937.2161
1533222564,781.28204,832.4542,775.2381,770,968.6447
1533222564,749.45056,832.0513,773.6264,720.84247,967.03296
1533222564,732.9304,842.9304,774.43225,680.9524,682.96704
1533222564,765.16486,844.94507,771.2088,717.619,745.0183
1533222564,788.93774,842.9304,770.40295,764.7619,950.10986
1533222564,773.6264,844.94507,767.5824,752.27106,880.40295
1533222564,743.00366,850.58606,766.77655,708.3516,707.1429
1533222564,726.4835,848.5714,764.35895,677.326,597.1429
1533222564,766.3736,848.1685,761.53845,711.5751,672.8938
1533222564,806.26373,856.63007,767.1795,764.7619,862.27106
1533222564,803.0403,853.4066,765.16486,762.3443,909.41394
1533222564,762.74725,838.0952,760.32965,721.2454,758.315
1533222564,724.0659,829.2308,758.315,685.78754,798.20514
1533222564,756.7033,837.6923,758.315,712.7839,765.56775
1533222564,805.8608,841.7216,763.5531,770,724.4689
1533222564,803.44324,832.8571,767.1795,779.67035,798.60803
1533222564,765.56775,830.84247,768.3883,741.39197,774.43225
1533222564,735.34796,833.663,768.7912,700.293,621.31866
1533222564,771.6117,832.4542,761.9414,728.49817,640.65936
1533222564,830.84247,837.28937,759.92676,794.9817,867.50916
1533222564,846.55676,840.5128,765.9707,817.5458,969.85345
1533222564,819.15753,834.0659,767.5824,791.75824,870.32965
1533222564,790.54944,829.2308,767.1795,748.6447,686.5934
1533222564,818.3516,828.8278,774.43225,766.77655,756.7033
1533222564,875.9707,833.2601,776.04395,837.6923,1026.6666
1533222564,889.2674,835.2747,768.7912,856.2271,929.15753
1533222564,871.53845,828.8278,770.80585,834.0659,809.4872
1533222564,841.7216,828.022,774.83514,796.1905,760.7326
1533222564,850.989,832.8571,775.64105,799.81683,705.12823
1533222564,899.34064,837.28937,782.0879,865.09155,762.3443
1533222564,906.1905,835.6777,785.7143,894.90845,806.6667
1533222564,887.6557,831.6484,785.7143,872.3443,808.68134
1533222564,857.8388,832.0513,782.8938,823.9927,713.9927
1533222564,854.61536,831.2454,780.87915,819.5604,692.23444
1533222564,907.8022,829.2308,792.1612,876.3736,904.57874
1533222564,925.12823,830.4396,801.4286,905.78754,1207.1794
1533222564,893.2967,830.4396,801.02563,880.80585,1170.5128
1533222564,851.39197,824.3956,795.38464,821.978,776.8498
1533222564,853.8095,824.7985,798.20514,811.50183,632.6007
1533222564,909.011,831.6484,801.8315,870.7326,725.2747
1533222564,931.1722,826.0073,801.4286,906.1905,782.49084
1533222564,910.6227,820.3663,797.8022,892.8938,779.2674
1533222564,875.9707,819.9634,795.78754,845.34796,722.8571
1533222564,863.47986,822.7839,796.1905,815.12823,669.2674
1533222564,906.99634,829.2308,799.41394,863.8828,740.989
1533222564,936.0073,827.619,801.4286,909.41394,867.50916
1533222564,923.1135,821.5751,797.8022,906.1905,977.9121
1533222564,888.0586,815.12823,794.57874,871.53845,1072.1978
1533222564,871.13556,815.9341,797.8022,826.8132,812.71063
1533222564,913.44324,820.3663,805.4579,866.30035,661.6117
1533222564,943.663,816.337,803.8461,923.91943,867.1062
1533222564,923.5165,813.1135,802.23444,916.6667,868.315
1533222564,894.90845,813.91943,801.8315,869.92676,703.5165
1533222564,873.5531,811.50183,802.6374,827.2161,585.8608
1533222564,901.3553,813.1135,805.8608,858.24176,630.989
1533222564,942.0513,818.3516,803.44324,914.2491,763.5531
1533222564,927.5458,816.337,793.36993,919.0842,799.81683
1533222564,893.2967,813.91943,800.6227,880.40295,903.36993
1533222564,867.9121,818.3516,805.4579,833.663,971.8681
1533222564,891.685,820.3663,804.65204,853.00366,811.9048
1533222564,926.7399,819.5604,806.6667,907.8022,755.89746
1533222564,913.8461,822.7839,805.4579,913.0403,846.55676
1533222564,888.46155,816.7399,810.696,883.22345,835.2747
1533222564,888.46155,816.7399,810.696,883.22345,835.2747
1533222564,857.8388,805.4579,812.3077,834.87177,741.39197
1533222564,861.4652,809.0842,807.0696,831.2454,637.03296
1533222564,906.1905,813.5165,808.68134,886.4469,719.2308
1533222564,912.23444,810.696,812.3077,908.60803,879.59705
1533222564,875.16486,806.6667,809.0842,875.9707,808.2784
1533222564,832.8571,797.3993,805.05493,819.15753,644.2857
1533222564,833.2601,792.5641,803.8461,810.293,697.47253
1533222564,878.7912,796.99634,802.23444,867.50916,929.15753
1533222564,897.326,803.44324,797.3993,892.0879,907.8022
1533222564,868.71796,803.44324,797.8022,865.89746,810.293
1533222564,818.3516,798.60803,798.20514,808.68134,802.6374
1533222564,807.47253,801.4286,797.3993,787.326,751.4652
1533222564,850.18317,810.293,801.02563,843.73627,685.78754
1533222564,872.3443,813.1135,799.41394,879.59705,783.2967
1533222564,847.3626,803.0403,800.6227,858.6447,887.25275
1533222564,802.6374,796.99634,803.0403,803.44324,790.9524
1533222564,784.5055,795.78754,803.44324,771.2088,618.49817
1533222564,826.8132,798.60803,809.4872,821.5751,665.2381
1533222564,850.18317,800.6227,814.7253,874.7619,1036.337
1533222564,828.8278,794.9817,813.5165,855.42126,1106.8499
1533222564,798.60803,792.1612,811.9048,787.72894,728.9011
1533222564,778.0586,792.96704,807.8755,750.65936,546.77655
1533222564,809.89014,796.5934,803.8461,797.3993,690.6227
1533222564,850.18317,803.44324,808.2784,849.3773,759.12085
1533222564,843.3333,803.8461,807.8755,850.989,794.9817
1533222564,797.8022,799.81683,802.23444,805.4579,765.56775
1533222564,760.7326,795.78754,794.9817,755.09155,668.0586
1533222564,787.326,795.78754,795.38464,788.5348,658.7912
1533222564,832.4542,792.96704,803.8461,847.76556,788.1319
1533222564,839.707,790.14655,799.41394,850.989,940.0366
1533222564,805.05493,786.9231,794.57874,806.26373,894.5055
1533222564,760.32965,782.0879,799.81683,752.27106,736.55676
1533222564,776.04395,783.2967,807.0696,773.22345,694.65204
1533222564,821.5751,787.326,801.02563,832.0513,875.9707
1533222564,840.9158,791.3553,800.6227,851.79486,1163.2601
1533222564,812.3077,792.1612,802.23444,814.3223,954.1392
1533222564,755.89746,787.326,800.2198,750.65936,630.989
1533222564,772.01465,790.14655,802.6374,761.53845,662.8205
1533222564,835.6777,795.38464,805.8608,832.8571,769.59705
1533222564,855.82416,792.5641,804.65204,859.85345,839.304
1533222564,827.619,791.3553,804.65204,831.6484,855.42126
1533222564,769.19415,786.52014,801.8315,764.7619,779.2674
1533222564,755.4945,784.90845,798.60803,749.45056,702.71063
1533222564,815.12823,793.7729,797.8022,815.5311,799.81683
1533222564,857.4359,792.5641,799.011,855.0183,913.8461
1533222564,838.0952,783.2967,802.23444,834.4689,1117.7289
1533222564,772.4176,789.34064,797.3993,767.98535,946.08057
1533222564,747.03296,790.54944,789.7436,732.9304,547.1795
1533222565,805.4579,788.5348,788.1319,794.57874,660
1533222565,850.18317,797.8022,792.96704,848.5714,867.9121
1533222565,831.6484,796.5934,796.99634,828.022,844.5421
1533222565,770.40295,785.7143,800.6227,767.5824,682.96704
1533222565,743.8095,787.326,804.2491,744.61536,579.011
1533222565,799.41394,796.99634,800.2198,799.81683,675.7143
1533222565,840.10986,799.41394,797.3993,851.79486,850.58606
1533222565,825.2015,791.75824,806.26373,838.9011,923.1135
1533222565,775.2381,787.326,801.4286,773.6264,830.4396
1533222565,743.4066,784.90845,796.5934,729.304,799.41394
1533222565,785.7143,786.9231,801.4286,776.4469,708.3516
1533222565,833.663,784.10254,799.011,835.2747,796.1905
1533222565,834.87177,781.685,797.8022,833.2601,1078.6447
1533222565,784.10254,788.5348,795.38464,772.4176,893.2967
1533222565,735.34796,789.7436,794.57874,718.4249,543.1502
1533222565,770.40295,789.7436,794.9817,765.16486,602.7839
1533222565,831.2454,788.93774,792.1612,834.4689,865.4945
1533222565,843.73627,788.93774,797.8022,848.97437,923.91943
1533222565,792.5641,789.34064,798.60803,794.17584,807.8755
1533222565,736.1539,786.52014,800.2198,730.10986,681.3553
1533222565,770.80585,788.1319,808.2784,766.3736,865.89746
1533222565,835.6777,797.3993,806.26373,838.49817,983.1502
1533222565,851.79486,796.1905,800.2198,855.0183,913.0403
1533222565,805.8608,790.9524,796.1905,802.6374,844.1392
1533222565,740.58606,784.10254,795.78754,735.7509,661.6117
1533222565,762.3443,780.4762,797.3993,759.5238,590.696
1533222565,826.0073,790.54944,799.41394,826.4103,735.34796
1533222565,844.1392,795.38464,803.0403,853.8095,970.2564
1533222565,809.4872,793.36993,799.81683,818.3516,939.2308
1533222565,742.1978,794.57874,794.9817,744.21246,626.9597
1533222565,750.65936,797.3993,795.38464,747.4359,597.5458
1533222565,814.3223,796.99634,796.99634,821.1722,887.6557
1533222565,840.10986,795.78754,799.81683,853.8095,1155.6044
1533222565,813.5165,796.99634,789.34064,812.3077,932.7839
1533222565,745.0183,794.17584,790.54944,735.7509,618.49817
1533222565,736.9597,794.57874,800.6227,731.31866,586.26373
1533222565,807.47253,804.2491,802.6374,810.293,700.293
1533222565,841.31866,807.47253,807.8755,859.85345,845.34796
1533222565,813.91943,801.02563,807.47253,832.4542,883.22345
1533222565,749.45056,792.96704,795.38464,746.2271,767.5824
1533222565,735.34796,796.1905,792.96704,725.6777,587.8755
1533222565,797.3993,796.99634,797.3993,804.2491,641.4652
1533222565,832.0513,795.38464,799.011,848.5714,885.64105
1533222565,817.5458,792.96704,801.4286,827.2161,1113.2968
1533222565,770,789.34064,797.8022,759.5238,939.6337
1533222565,752.27106,795.78754,790.54944,728.49817,587.8755
1533222565,807.8755,796.5934,794.57874,796.99634,707.5458
1533222565,847.3626,792.5641,801.4286,856.63007,1019.41394
1533222565,832.8571,789.7436,797.3993,839.707,908.60803
1533222565,780.87915,784.90845,790.9524,766.3736,667.6557
1533222565,754.2857,786.52014,795.38464,730.9158,585.4579
1533222565,804.65204,791.75824,799.81683,793.7729,649.92676
1533222565,845.7509,791.75824,801.02563,855.42126,776.04395
1533222565,827.2161,788.93774,805.4579,845.7509,856.63007
1533222565,777.25275,780.87915,802.6374,785.31134,903.36993
1533222565,749.85345,782.0879,790.9524,736.55676,813.5165
1533222565,790.14655,790.9524,793.7729,782.0879,741.79486
1533222565,828.022,792.96704,802.6374,847.3626,844.94507
1533222565,819.5604,792.96704,802.6374,847.76556,973.8828
1533222565,773.6264,793.7729,801.02563,792.96704,972.674
1533222565,745.42126,793.7729,801.4286,741.39197,589.0842
1533222565,790.9524,792.1612,798.20514,783.69965,581.4286
1533222565,835.2747,794.9817,796.99634,853.00366,856.63007
1533222565,832.0513,796.5934,800.2198,860.65936,888.86444
1533222565,787.72894,794.9817,799.81683,806.6667,750.2564
1533222565,743.00366,789.34064,801.02563,746.63007,668.0586
1533222565,786.1172,789.7436,799.41394,788.1319,844.1392
1533222565,838.9011,800.2198,795.78754,853.4066,992.8205
1533222565,834.0659,803.8461,801.02563,855.42126,932.381
1533222565,795.78754,799.41394,799.011,809.4872,849.7802
1533222565,758.315,788.1319,802.23444,748.6447,888.0586
1533222565,782.8938,786.52014,809.4872,771.6117,766.77655
1533222565,835.6777,798.20514,811.0989,847.3626,767.5824
1533222565,835.6777,797.8022,809.0842,861.06226,933.1868
1533222565,789.34064,784.90845,803.8461,815.12823,940.84247
1533222565,751.8681,784.10254,803.0403,750.2564,717.619
1533222565,782.8938,786.52014,805.8608,765.56775,600.3663
1533222565,835.2747,786.52014,801.4286,849.3773,772.4176
1533222565,836.8865,793.7729,804.65204,870.32965,990.80585
1533222565,797.8022,794.17584,809.89014,827.619,966.63007
1533222565,754.2857,790.14655,807.47253,760.32965,669.2674
1533222565,766.3736,787.72894,804.2491,756.7033,639.0476
1533222565,819.9634,792.5641,802.23444,833.663,965.82416
1533222565,829.2308,794.17584,807.0696,854.21246,919.4872
1533222565,793.36993,781.685,812.3077,809.4872,773.22345
1533222565,749.85345,770.80585,805.05493,746.63007,673.69965
1533222565,760.32965,774.83514,799.41394,740.989,549.19415
1533222565,811.0989,784.5055,809.0842,814.7253,676.52014
1533222565,826.8132,791.3553,812.71063,852.6007,871.9414
1533222565,807.8755,786.52014,807.47253,823.5897,980.32965
1533222565,770.40295,789.34064,804.2491,762.74725,848.97437
1533222565,773.22345,795.38464,803.8461,741.39197,657.5824
1533222565,830.84247,797.8022,809.89014,809.4872,753.0769
1533222565,851.79486,798.60803,809.89014,853.8095,1036.7399
1533222565,819.5604,802.23444,804.65204,826.0073,939.6337
1533222565,778.86444,801.4286,797.3993,767.5824,679.34064
1533222565,790.14655,800.2198,798.60803,743.00366,637.8388
1533222565,847.3626,805.05493,813.1135,800.6227,717.619
1533222565,856.63007,806.6667,809.0842,846.55676,808.2784
1533222565,821.1722,798.60803,805.8608,825.6044,787.326
1533222565,781.28204,796.99634,808.2784,770.80585,693.8461
1533222565,783.69965,796.99634,803.0403,748.6447,655.56775
1533222565,834.0659,804.2491,810.293,808.68134,770
1533222565,846.9597,815.5311,817.1429,855.42126,906.1905
1533222565,813.1135,805.8608,815.12823,841.7216,999.67035
1533222565,776.8498,794.17584,810.696,792.5641,1031.5018
1533222565,786.1172,794.17584,802.6374,751.06226,727.28937
1533222565,840.10986,794.9817,812.3077,804.2491,660.40295
1533222565,850.58606,796.99634,819.5604,862.27106,884.0293
1533222565,810.293,799.81683,819.5604,840.5128,862.27106
1533222565,771.6117,791.3553,821.1722,787.326,712.381
1533222565,776.04395,785.7143,811.9048,752.674,610.0366
1533222565,839.304,801.4286,807.8755,805.8608,689.81683
1533222565,862.27106,804.65204,809.0842,869.92676,810.293
1533222565,816.337,798.60803,817.1429,858.24176,849.7802
1533222565,781.28204,797.3993,816.337,805.4579,814.7253
1533222565,785.7143,794.57874,810.696,765.16486,863.47986
1533222565,830.4396,800.6227,813.1135,797.3993,902.1612
1533222565,854.61536,808.2784,815.12823,856.2271,825.2015
1533222565,813.1135,803.44324,813.1135,850.989,842.9304
1533222565,771.6117,801.8315,806.26373,801.02563,793.7729
1533222565,767.5824,798.60803,803.0403,748.24176,626.55676
1533222565,817.5458,796.1905,805.05493,768.7912,633.00366
1533222565,857.4359,799.81683,810.293,845.34796,834.0659
1533222565,826.4103,802.23444,820.7692,858.6447,939.6337
1533222565,787.72894,799.011,817.5458,817.1429,842.1245
1533222565,778.0586,794.9817,807.8755,765.9707,664.83514
1533222565,819.9634,799.81683,813.1135,779.67035,794.57874
1533222565,867.1062,806.26373,817.5458,852.1978,1108.4615
1533222565,842.9304,811.9048,811.50183,866.30035,954.5421
1533222565,792.1612,809.0842,808.2784,822.381,757.1062
1533222565,771.6117,801.02563,809.4872,766.77655,724.4689
1533222565,807.8755,801.4286,809.0842,770.80585,664.43225
1533222565,856.63007,807.8755,805.05493,831.2454,712.381
1533222565,837.6923,808.2784,801.4286,845.34796,803.44324
1533222565,788.5348,807.0696,801.4286,816.7399,863.47986
1533222565,758.315,792.96704,801.02563,759.5238,734.1392
1533222565,783.69965,782.49084,801.8315,745.0183,607.619
1533222565,837.6923,794.57874,800.2198,814.7253,845.34796
1533222565,831.2454,802.23444,797.3993,850.58606,1216.044
1533222565,784.5055,802.6374,795.78754,819.5604,1062.9304
1533222565,757.9121,802.6374,798.20514,766.77655,685.38464
1533222565,778.0586,795.78754,797.8022,749.45056,593.91943
1533222565,829.6337,790.9524,797.8022,810.696,748.24176
1533222565,830.0366,798.20514,801.02563,856.2271,882.8205
1533222565,790.9524,796.5934,802.23444,832.8571,821.1722
1533222565,763.1502,790.9524,799.81683,774.0293,732.1245
1533222565,776.8498,794.17584,800.2198,742.1978,676.9231
1533222565,833.663,801.4286,797.3993,796.1905,704.7253
1533222565,843.73627,803.0403,796.99634,850.989,817.5458
1533222565,801.02563,795.38464,800.2198,834.4689,971.06226
1533222565,753.8828,785.7143,801.02563,778.0586,1019.41394
1533222565,769.59705,786.52014,796.1905,740.18317,753.8828
1533222565,838.9011,796.99634,801.02563,788.5348,697.8755
1533222565,856.63007,799.011,804.2491,853.4066,944.0659
1533222565,808.68134,799.81683,803.0403,837.6923,1015.78754
1533222565,761.53845,794.9817,801.02563,778.86444,763.95605
1533222565,759.5238,785.7143,796.1905,733.73627,609.2308
1533222565,813.1135,788.5348,792.96704,769.19415,726.08057
1533222565,848.1685,797.3993,796.5934,841.31866,851.39197
1533222565,819.5604,802.6374,800.2198,844.1392,845.7509
1533222565,774.83514,796.1905,801.4286,793.7729,778.0586
1533222565,764.35895,793.36993,804.65204,749.45056,805.4579
1533222565,818.3516,792.96704,801.4286,771.6117,769.59705
1533222565,855.82416,792.5641,798.60803,835.6777,799.81683
1533222565,821.1722,797.8022,803.0403,846.1539,883.22345
1533222565,772.01465,796.1905,803.44324,807.47253,960.58606
1533222565,750.65936,790.14655,796.1905,744.61536,700.696
1533222565,796.5934,791.3553,791.75824,751.06226,519.3773
